quarter,y,g,newsy,taxy,debty,infl,unemp,slack,zlb,recession,wwii,ag,y_cbo,g_cbo,newsy_cbo,ypc,gpc,newsy_hbr
1889.0,1.0964650549995028,0.05594374568459741,,0.023827154362416107,,,,,0.0,0.0,0.0,,1.0708858949683806,0.054638647982594164,,0.004760601681092985,0.00024289500931961173,
1889.25,1.0700629980023397,0.04669373583825569,,0.02507650652024708,0.08385711409395973,-4.571883866832316,,,0.0,0.0,0.0,,1.0477058634866872,0.04571815016234397,,0.004681810893447664,0.0002042975427721827,
1889.5,1.058106244623942,0.053883100780566996,,0.023715051546391752,0.08348263555250515,-0.8709247088090066,,,0.0,0.0,0.0,,1.0384592873047545,0.05288259729933339,,0.004665271386057604,0.00023757471382562272,
1889.75,1.0473824057139263,0.048708926081337256,,0.024375473110959837,0.08142666666666666,2.8423424094739858,,,0.0,0.0,0.0,,1.0302569570316664,0.04791250043066448,,0.004654468232278169,0.00021645785516077564,
1890.0,1.0314764972774828,0.04589810484301035,0.0,0.026270133708655875,0.07854070796460177,-12.345459385635849,3.43,0.0,0.0,0.0,0.0,0.6378631425340485,1.0167902598270633,0.04524460428528765,0.0,0.004619343783471752,0.00020554915777461308,0.0
1890.25,1.034152160746907,0.05176443133304001,0.0010165665869940627,0.02751847493036212,0.07898641801548206,-1.5028154663262683,3.48,0.0,0.0,0.0,0.0,0.5336938605816023,1.021505144199865,0.05113138559328702,0.0010020926379315656,0.004666615867699126,0.00023358720873988063,0.0009852216748768472
1890.5,1.0372608762888753,0.057210668461525435,0.0,0.02592441156691325,0.07588440111420612,7.717161493024349,4.25,0.0,0.0,1.0,0.0,0.43896288919824256,1.0265548589114772,0.056620172449651306,0.0,0.004714352404367407,0.0002600225831152865,0.0
1890.75,1.049313792704685,0.05684769985705643,0.0,0.025122664907651717,0.07114270342972429,-1.4353707885852884,4.73,0.0,0.0,1.0,0.0,0.04805269356755217,1.0403824767213823,0.05636383623696751,0.0,0.004800180808622638,0.00026005494234933806,0.0
1891.0,1.0355503853820145,0.05371906485438803,0.0,0.023271818783068787,0.06788858839050131,-0.682562430315059,4.92,0.0,0.0,1.0,0.0,0.030282593283002264,1.0285105418364406,0.05335387372769078,0.0,0.004767490459791913,0.0002473130547942974,0.0
1891.25,1.0342303450872805,0.06086820196307654,0.0,0.020544152542372882,0.06652162698412697,1.838167240945232,4.73,0.0,0.0,1.0,0.0,0.07427335701364515,1.0288748218109427,0.06055301001966612,0.0,0.004791283602379777,0.00028198439482784413,0.0
1891.5,1.0925208555399673,0.04578928809628415,0.0,0.019724198757763975,0.06453507170795306,-7.223411403594504,4.15,0.0,0.0,0.0,0.0,0.26721538661005545,1.088532032011148,0.04562211015290652,0.0,0.005091762190965983,0.00021340385833154397,0.0
1891.75,1.089186000657246,0.052375322193932164,0.0,0.019710598027127005,0.06085224223602484,-0.5098300235724551,4.17,0.0,0.0,0.0,0.0,0.5655290036052281,1.0867760221500267,0.05225943436511331,0.0,0.00510472061360276,0.00024546898939769527,0.0
1892.0,1.0693178409795852,0.054055554410814236,0.0,0.02104826633165829,0.059995098643649825,-4.562541694244793,4.15,0.0,0.0,0.0,0.0,0.3842409043203512,1.068396756317298,0.05400899225672765,0.0,0.005039226646248086,0.00025474015276426016,0.0
1892.25,1.0363339525257265,0.05800358458727439,0.0,0.02101859649122807,0.06081774497487437,-5.317650945665342,4.2,0.0,0.0,0.0,0.0,0.3141092081103611,1.0367547745133374,0.05802713798306451,0.0,0.0049102143988305515,0.00027482457322766364,0.0
1892.5,1.0186984158065855,0.05105834997934775,0.0,0.022104263862332697,0.0625775763482781,10.119664909043813,4.33,0.0,0.0,0.0,0.0,0.8985654653027387,1.0203175205582207,0.0511395013935244,0.0,0.004851916360480587,0.00024318369378025637,0.0
1892.75,1.023704958283701,0.0514583054781957,0.0,0.02198332512315271,0.061134544295729766,7.468107467320095,4.56,0.0,0.0,0.0,0.0,0.9981555344142049,1.0264628057063074,0.05159693346273987,0.0,0.004900058190763955,0.00024630992475020144,0.0
1893.0,1.030765176708353,0.05519085256015635,0.0,0.021343156028368792,0.05899907635467981,9.480527031088215,5.55,0.0,0.0,1.0,0.0,0.9995870629490614,1.0345993975028878,0.05539615044888598,0.0,0.004957994234420605,0.00026546873620608935,0.0
1893.25,1.0170608728470734,0.054719033145269415,0.0,0.02105544117647059,0.05682218676122931,-13.471646287000993,6.4,0.0,0.0,1.0,0.0,0.9992722805651315,1.0218116093530991,0.05497462817923229,0.0,0.004915587563229355,0.0002644642085658769,0.0
1893.5,0.9220018534213048,0.052740402038152584,0.0,0.01960960195530726,0.05947254901960784,-17.168191848849723,7.11,1.0,0.0,1.0,0.0,0.9992203453915386,0.9271176134527402,0.053033034032098615,0.0,0.004477797011392217,0.00025613919728006333,0.0
1893.75,0.8748466475935317,0.051705625181824956,0.0,0.02025333093006489,0.0687139874301676,4.135116661631777,8.02,1.0,0.0,1.0,0.0,0.9979314124358862,0.8804058785762573,0.052034189638558805,0.0,0.0042702133922001475,0.00025238029283286995,0.0
1894.0,0.8598786086732307,0.05307123437805524,0.0,0.020212095451155855,0.07209567411679886,-10.59518033920277,9.05,1.0,0.0,1.0,0.0,0.9908408407273237,0.8659772218111348,0.053447637423738856,0.0,0.004217969550578246,0.0002603307587377215,0.0
1894.25,0.8473061569840681,0.05523831546927559,0.0,0.02167624430955994,0.07583131991051455,-5.174418795908231,9.79,1.0,0.0,1.0,0.0,0.9566191564628522,0.8538836440069906,0.05566712068941055,0.0,0.004176569098587447,0.0002722825032550063,0.0
1894.5,0.8718071561819423,0.05442946289779812,0.0,0.025418910394265234,0.07838626707132018,7.222852774335742,9.15,1.0,0.0,0.0,0.0,0.12144710287794457,0.8791033322145533,0.05488498444272557,0.0,0.0043193865680025085,0.000269671898512468,0.0
1894.75,0.909696095804582,0.053693287344048914,0.0,0.01678634535367545,0.07531168458781362,-7.548541724565716,9.13,1.0,0.0,0.0,0.0,0.003447596413495103,0.9178042286920413,0.054171856297964276,0.0,0.004532853882023115,0.0002675441030235417,0.0
1895.0,0.9322514122892319,0.05562924038449999,0.0,0.02040422252937111,0.0742868932038835,-12.36837102434123,8.8,1.0,0.0,0.0,0.0,0.0008691533443658555,0.9410112522173282,0.05615195693356178,0.0,0.004671386012045381,0.00027875061594676313,0.0
1895.25,0.9520098560165039,0.05413906313241443,0.0,0.019005773462783173,0.07580601243953006,13.945579221856974,8.51,1.0,0.0,0.0,0.0,0.0040495280698760495,0.9613610917367204,0.054670850842198505,0.0,0.004796852278552055,0.0002727882350210601,0.0
1895.5,0.985209488182808,0.05397370817018422,0.0,0.01950194271481943,0.07311378640776699,-1.995593660157624,8.34,1.0,0.0,0.0,0.0,0.03397225589263424,0.9952512568739847,0.05452383634023439,0.0,0.004991594538074405,0.000273459472460869,0.0
1895.75,1.0007636952485395,0.053243407079173785,0.0,0.019172449969678595,0.07251594022415941,0.30773021076733187,8.28,1.0,0.0,0.0,0.0,0.4305634642510855,1.011279613807736,0.0538028831426212,0.0,0.005098707305640891,0.0002712653845665087,0.0
1896.0,0.9519383075706537,0.05279951218446069,0.0,0.019890410612760583,0.07260230442692542,0.002614256630728562,9.31,1.0,0.0,1.0,0.0,0.8733820235594035,0.9621929959400434,0.05336829121058183,0.0,0.004876659711054107,0.0002704852318532828,0.0
1896.25,0.9320058843795972,0.051711542856418546,0.0,0.018716318504190844,0.07724118761844599,-3.4613837615264487,9.32,1.0,0.0,1.0,0.0,0.7709308499178127,0.9422454875702058,0.05227967841017243,0.0,0.004800490573170076,0.00026635108014533894,0.0
1896.5,0.9059175659808635,0.05611606744203666,0.0,0.01868615792966158,0.07972005157962606,-3.944069027274111,9.27,1.0,0.0,1.0,0.0,0.922740936883139,0.9160214462288299,0.05674194119337214,0.0,0.0046903646545263375,0.00029053948081486354,0.0
1896.75,0.882266643938306,0.05451943893611527,0.0,0.0190768431372549,0.08230829462508295,12.924226041038445,9.17,1.0,0.0,1.0,0.0,0.8708423944828693,0.8922125436627847,0.05513404323564194,0.0,0.0045898327031689955,0.0002836275240673216,0.0
1897.0,0.9167484001126844,0.05614222897350806,0.0,0.02016741357234315,0.08081705882352941,-10.660794745161262,9.04,1.0,0.0,1.0,0.0,0.3933678540520233,0.9271533049375515,0.05677943166625718,0.0,0.004791805103831523,0.0002934530557159046,0.0
1897.25,0.9216463465270343,0.056164597991990035,0.0,0.024643880983182407,0.07853994878361076,-9.717221730995007,8.97,1.0,0.0,1.0,0.0,0.27157426297565396,0.9321389329052305,0.05680401016787321,0.0,0.004839932794478249,0.0002949427193352914,0.0
1897.5,0.9493279620112566,0.057163578758052405,0.0,0.016675666259168706,0.07847626131953428,7.147416850854427,7.97,1.0,0.0,0.0,0.0,0.2003202522277166,0.960129560364697,0.05781399467636328,0.0,0.005008858165814442,0.00030160731560338545,0.0
1897.75,0.9542681924069515,0.05321526090186966,0.0,0.02804668054729328,0.07360495110024451,5.190734328514246,8.06,1.0,0.0,0.0,0.0,0.13053036938468637,0.9650835000208222,0.053818382142822294,0.0,0.005059516110295941,0.00028214654118094223,0.0
1898.0,0.9469558129833455,0.05084642190631337,0.0,0.02186743650324867,0.07185603807257585,2.5637891510989164,8.18,1.0,0.0,0.0,0.0,0.385961158401601,0.957612187038149,0.05141861174215691,0.0,0.00504498743043521,0.0002708886263571286,0.0
1898.25,0.9295295890371218,0.0683439349006293,0.011184071069779079,0.021474273956496176,0.07281411695215594,5.814566319389947,8.09,1.0,0.0,0.0,0.0,0.05918123523403167,0.9398825843788076,0.069105141911147,0.011309928731922358,0.004975785635235082,0.0003658460941369904,0.011813349084465448
1898.5,0.9166207279170432,0.07429950447120423,-0.0027317511979454007,0.02694717510677242,0.07566278659611991,-12.710061466130185,7.75,1.0,0.0,0.0,0.0,0.19242041924235118,0.9266940201391344,0.07511602606808737,-0.002762177133558994,0.0049296568317168344,0.0003995884542584728,-0.002939447383891828
1898.75,0.9216151484263121,0.06660398829512304,0.0,0.026478224242424242,0.0824744356314826,-3.11743400881781,7.14,1.0,0.0,0.0,0.0,0.13606634028216968,0.9315771535141125,0.0673239300966405,0.0,0.004979089879328616,0.0003598326748528744,0.0
1899.0,0.9781447220198127,0.06995991640853265,0.005922132396378151,0.0286194899103139,0.08533121212121211,4.155034300251614,6.32,0.0,0.0,0.0,0.0,0.08451586414707035,0.9885131339877038,0.07070149709514623,0.005986146440813169,0.005308311049693045,0.000379666718990376,0.006424242424242424
1899.25,0.9771620817368465,0.07001340843133752,0.0,0.027264415656008817,0.08053256726457399,3.6648733753603224,5.59,0.0,0.0,0.0,0.0,0.0816768867345336,0.9872879123849925,0.07073892155769122,0.0,0.005326631468200727,0.0003816517561584891,0.0
1899.5,0.9922397420026983,0.061664542274119785,0.0,0.026659025803054237,0.07822508269018744,8.733430256511099,5.98,0.0,0.0,1.0,0.0,0.050692252487589004,1.0022603707687945,0.06228729246240899,0.0,0.005432056619494879,0.0003375850319925437,0.0
1899.75,0.9974325518852581,0.061271905715428496,0.0,0.025809120323559146,0.0722740916271722,10.962740422030848,5.51,0.0,0.0,1.0,0.0,0.08890412944301421,1.0072174208655338,0.06187298652882693,0.0,0.005482403445799667,0.00033678197727761796,0.0
1900.0,0.9803541991016581,0.05725623066918182,0.004538357125482633,0.027133485772357722,0.06646921132457027,1.6114085391846444,5.17,0.0,0.0,1.0,0.0,0.6117189562679776,0.9896658820840342,0.057800066630965596,0.004582878662076375,0.005409961177685646,0.00031596129785003133,0.00455005055611729
1900.25,0.9787270130418814,0.06201034665106428,0.0,0.026757875514403295,0.06419801829268293,-7.621226860493735,4.96,0.0,0.0,1.0,0.0,0.11218389870277871,0.9876965934327897,0.06257864279691819,0.0,0.005422268044824029,0.0003435449482992235,0.0
1900.5,0.9707076255449835,0.06754940649163878,0.0,0.02663265907915158,0.0635832818930041,-2.1715976296418305,4.9,0.0,0.0,1.0,0.0,0.04915413153010395,0.9792601471917343,0.06814455764327475,0.0,0.0053977359201534125,0.000375616558693724,0.0
1900.75,0.965883141791595,0.06798316781426739,0.0,0.027478413436692505,0.06337589239524057,-0.7788021776928389,4.97,0.0,0.0,1.0,0.0,0.06480547256707152,0.9740334743754591,0.06855682460960513,0.0,0.005388399838831523,0.00037925963777996486,0.0
1901.0,1.0238143769849375,0.06611664602804959,0.0,0.025893972142170988,0.06319235142118862,2.6285459116303755,4.15,0.0,0.0,0.0,0.0,0.033636611228592635,1.0320536703040355,0.0666487292378052,0.0,0.0057300388913345025,0.00037003871172527474,0.0
1901.25,1.0619076559983622,0.0651731770649541,0.0,0.02585615668202765,0.05867300672430356,-1.2245621924206418,4.23,0.0,0.0,0.0,0.0,0.11472042917669245,1.0700231873618669,0.06567125706234579,0.0,0.005962308978807448,0.0003659288230919232,0.0
1901.5,1.060565310347695,0.058928657399619666,0.0,0.022788293453724604,0.055936405529953916,5.58393163824249,4.18,0.0,0.0,0.0,0.0,0.10140752246492632,1.068224468319875,0.059354226567033014,0.0,0.005973174751681098,0.0003318901392451513,0.0
1901.75,1.05964913075999,0.060619655558189316,0.01771261021869775,0.02264532150776053,0.054275124153498874,4.246033198177734,4.0,0.0,0.0,0.0,0.0,0.04499163838903468,1.0668417707725992,0.06103112700421948,0.017840526602951514,0.005985207592234268,0.0003423975089049356,0.01670428893905192
1902.0,1.0262713409951518,0.06323359340647818,0.0,0.02321940713293191,0.05274372505543237,-7.750518796477657,3.7,0.0,0.0,0.0,0.0,0.39910674095274173,1.032779836496846,0.06363461362579263,0.0,0.005813285482508205,0.0003581849320670474,0.0
1902.25,1.0214732310292796,0.06220676345104773,0.0,0.024454547531992686,0.054563733209819366,4.1150237796721,3.38,0.0,0.0,0.0,0.0,0.44318072225780536,1.0274847748181237,0.06257286083969044,0.0,0.005802599853180945,0.0003533728985772753,0.0
1902.5,1.0376407785173212,0.06701629941549303,0.0,0.023433426916221033,0.05351224862888483,0.6012517451669197,3.04,0.0,0.0,0.0,0.0,0.27935905681352124,1.0432640366234915,0.06737947900204724,0.0,0.005911848094119712,0.00038181824594495247,0.0
1902.75,1.0343227864158602,0.06527299468063624,0.0,0.021711251060220527,0.051975891265597145,18.048481319839915,3.68,0.0,0.0,1.0,0.0,0.3450679941443591,1.039436959230183,0.06559573471816543,0.0,0.005911629316585284,0.0003730651146848287,0.0
1903.0,1.0685869462632818,0.07031853916479605,0.0,0.02050091791346543,0.049322307039864295,2.8128324509600233,3.36,0.0,0.0,1.0,0.0,0.5371141103328665,1.0733560471481698,0.07063237063029126,0.0,0.006126745206286785,0.0004031714726139431,0.0
1903.25,1.0855919972194183,0.06922910407602036,0.0,0.02050141528507885,0.04688253133845532,-9.255961525841094,3.28,0.0,0.0,1.0,0.0,0.7721847618806204,1.0899080253905165,0.06950434078024931,0.0,0.00624381679860316,0.0003981733875058549,0.0
1903.5,1.0771923061816389,0.07074588213719353,0.0,0.02073232417138238,0.046664415689446015,0.09090115958390044,3.49,0.0,0.0,1.0,0.0,0.9426853058069005,1.0809445022136568,0.07099231206127807,0.0,0.006214500920259376,0.0004081447176359758,0.0
1903.75,1.0244701944226777,0.06805044468553452,0.0,0.02034428813559322,0.046392400970088926,-1.739629990881042,3.99,0.0,0.0,1.0,0.0,0.9574939617843548,1.0275300384789903,0.06825369486287894,0.0,0.005927614022296839,0.0003937418309849667,0.0
1904.0,0.9947261865657476,0.06553925534281206,0.019530343733391926,0.020872952822240946,0.048369788135593214,10.948310815572881,4.71,0.0,0.0,1.0,0.0,0.970110918781718,0.9972003634526646,0.06570227076649843,0.019588676134388753,0.005772297810144487,0.0003803178253504332,0.01906779661016949
1904.25,0.9741261348043879,0.0637201489206497,0.0,0.02120044880174292,0.04786263689974726,-8.100051981556078,5.24,0.0,0.0,1.0,0.0,0.9673808289988037,0.9760608479721337,0.06384670359027907,0.0,0.005669210993386183,0.0003708379806827505,0.0
1904.5,0.9641174354374911,0.06559344487569248,0.0,0.021391378860374077,0.04936204793028323,1.7224785289711164,5.19,0.0,0.0,1.0,0.0,0.8760106273143528,0.9655486963244547,0.06569082028727727,0.0,0.005626578295101089,0.00038280259195915103,0.0
1904.75,0.9878044773945196,0.06368011114430754,0.0,0.020758018242122717,0.049202957807742496,6.521090839253674,4.54,0.0,0.0,0.0,0.0,0.25018761924556476,0.9887751417094149,0.06374268629239695,0.0,0.005779422858386325,0.00037257807429941757,0.0
1905.0,1.0058332272056763,0.06648375452944452,0.0,0.02045550060802594,0.04689299336650083,-1.2314823531035302,4.34,0.0,0.0,0.0,0.0,0.016244826603923294,1.0063186174546574,0.06651583794575193,0.0,0.005899830390222779,0.0003899681028818517,0.0
1905.25,1.0322121619148827,0.0685521343478568,0.0,0.019426360746920935,0.04590016214025132,-5.3282888413948015,4.06,0.0,0.0,0.0,0.0,0.0012432666615009044,1.0321959843712725,0.06855105995134811,0.0,0.006069929140832595,0.00040312119281020405,0.0
1905.5,1.054353021702177,0.07321563347581161,0.0,0.020216148804934463,0.0450901470003973,0.5991255820887886,3.75,0.0,0.0,0.0,0.0,0.0006103870788113849,1.0538141737358595,0.0731782151781551,0.0,0.006216066526866041,0.0004316516756005857,0.0
1905.75,1.0983051200925946,0.07210498247003841,0.0,0.019561531204644416,0.04386962220508866,4.840478006445537,3.41,0.0,0.0,0.0,0.0,0.0011325051491350793,1.0972032748987863,0.0720326450776956,0.0,0.00649222079482096,0.0004262216919854824,0.0
1906.0,1.1426117006062895,0.06968899365134383,0.0,0.019251829059829056,0.04139216255442671,5.030757637053362,3.03,0.0,0.0,0.0,0.0,0.0014071104976299805,1.140909249902219,0.06958515953495527,0.0,0.006771923541428821,0.0004130261719144006,0.0
1906.25,1.1499857160412217,0.06724864067983549,0.0,0.01822395123580494,0.03906061538461538,3.7451986541395144,2.64,0.0,0.0,0.0,0.0,0.008312248102808744,1.1477177724531629,0.06711601631649945,0.0,0.006833628282013358,0.00039961558345147743,0.0
1906.5,1.161512472942248,0.07075457496781935,0.0,0.01879062273476112,0.038158817635270535,-1.477324654741352,2.26,0.0,0.0,0.0,0.0,0.03963874066818029,1.1586692413676538,0.07058137696411139,0.0,0.006920876458754772,0.00042159140228908114,0.0
1906.75,1.1768788379833284,0.07174415986972349,0.0,0.019023378125,0.037634003294892915,12.960706659709231,1.87,0.0,0.0,0.0,0.0,0.5093947396110975,1.1734460807357527,0.0715348942454167,0.0,0.007032494375320318,0.00042871057279819945,0.0
1907.0,1.1586633812592653,0.0717064837817948,0.0,0.01938831404441664,0.0357261875,2.911042344391035,1.57,0.0,0.0,0.0,0.0,0.9952052443040115,1.1547485505280146,0.07146420569578693,0.0,0.006943497619930976,0.00042971393376684393,0.0
1907.25,1.1404283919219673,0.0748401758757773,0.0,0.01976217119650109,0.035882952768220205,3.9537315039336107,2.12,0.0,0.0,1.0,0.0,0.9999264009421224,1.1360586982067622,0.07455341640145549,0.0,0.006853871785903915,0.0004497827075513346,0.0
1907.5,1.1019653427925689,0.07933460072800817,0.0,0.018921692551505546,0.03610059356451109,4.9538751137690795,3.59,0.0,0.0,1.0,0.0,0.9999766335485283,1.097253138410466,0.07899535153505667,0.0,0.006640899168604325,0.00047810313406141216,0.0
1907.75,1.0132090863453815,0.07738570941051272,0.0,0.01908891499654457,0.03694,-3.95669770601792,5.0,0.0,0.0,1.0,0.0,0.9999731839394815,1.0084354237003408,0.0770211121371055,0.0,0.0061211729237933875,0.0004675158518768971,0.0
1908.0,0.9250350955601161,0.08986198609656733,0.0,0.021203993820007726,0.04056057360055287,-11.03421357806944,6.8,1.0,0.0,1.0,0.0,0.9997342748647493,0.9202844296706872,0.08940048547442411,0.0,0.005602436294926276,0.0005442453533470841,0.0
1908.25,0.9096975782456151,0.08707096140087829,0.0,0.01933549361207898,0.045488219389725755,2.883468383193488,8.07,1.0,0.0,1.0,0.0,0.9940648042543333,0.9046489280637875,0.08658773396835481,0.0,0.005523387036034738,0.0005286664831450653,0.0
1908.5,0.9247649273773283,0.07838284561506229,0.0,0.019809924585218703,0.045453619821912504,0.9804463369144756,7.59,1.0,0.0,0.0,0.0,0.910562376956606,0.9192605158781213,0.07791629306319624,0.0,0.005628656803626986,0.00047708355301719497,0.0
1908.75,0.9605676551397929,0.0801812920480504,0.0,0.019422426763110307,0.04396527149321267,-1.3678482398910674,7.38,1.0,0.0,0.0,0.0,0.09881985959181865,0.9544750046690246,0.07967272132517686,0.0,0.005860176114353618,0.0004891654325062764,0.0
1909.0,1.0167117880266654,0.08009026228760179,0.0,0.019627222030981065,0.04182180831826402,-5.93947995692492,6.57,1.0,0.0,0.0,0.0,0.0019125788267471064,1.0098783812203431,0.07955196879097727,0.0,0.006217250369199029,0.0004897565058661243,0.0
1909.25,1.0488106026484916,0.07458660259665519,0.0,0.018790984574991797,0.0395289156626506,3.739624332969882,5.82,0.0,0.0,0.0,0.0,0.002788120576527898,1.0413779874882538,0.07405802907555367,0.0,0.006428718572790408,0.00045718099739229794,0.0
1909.5,1.0719166582569788,0.07278771039950321,0.0,0.018765503014915898,0.03757102067607483,1.7863139934325645,5.28,0.0,0.0,0.0,0.0,0.02105049974076613,1.0639426867748691,0.0722462437448871,0.0,0.0065852095565624835,0.0004471637999380726,0.0
1909.75,1.0755885858360064,0.06960510156108579,0.0,0.018925955949831753,0.03631701047286576,10.435426471065945,4.93,0.0,0.0,0.0,0.0,0.2043558416915405,1.067223238848953,0.06906375068185998,0.0,0.006621206202196886,0.0004284814251748424,0.0
1910.0,1.0485023505898683,0.0684574700053674,0.0,0.019614818796068797,0.0350427653716733,5.649105260143017,5.45,0.0,0.0,1.0,0.0,0.7525410381386803,1.0400080672962762,0.0679028721606787,0.0,0.006467763547497086,0.0004222849179169679,0.0
1910.25,1.016344242201934,0.07256131566653666,0.0,0.019269900435594272,0.035225429975429975,4.366928311750051,5.79,0.0,0.0,1.0,0.0,0.8540906546514456,1.0077961921554506,0.07195103252426939,0.0,0.00628247916383874,0.0004485340053563936,0.0
1910.5,0.9963474415959505,0.07490749602935909,0.0,0.0199001201011378,0.03569007467330429,-1.2865875084694167,5.95,0.0,0.0,1.0,0.0,0.9168634291738299,0.9876741251538401,0.07425541785880839,0.0,0.0061744531459226445,0.0004642083727046166,0.0
1910.75,0.9954971339653285,0.07801970126696284,0.0,0.02058843338683788,0.03626311630847029,-8.796635168609868,6.25,0.0,0.0,1.0,0.0,0.9128482429346045,0.9865537403441492,0.0773187842328194,0.0,0.006190058297594829,0.0004851309790111895,0.0
1911.0,1.0113593807011523,0.08265966165392039,0.0,0.019993015922572587,0.036892455858747994,1.8674875281718073,6.66,1.0,0.0,1.0,0.0,0.8104782411524094,1.0020065519437962,0.08189524331228781,0.0,0.006310075004015814,0.0005157302881604776,0.0
1911.25,1.0184740794908014,0.08743630741841887,0.0,0.020209686724565756,0.036028254761161414,-3.069197076837682,6.99,1.0,0.0,1.0,0.0,0.5037906306640839,1.008803994515079,0.08660612770179593,0.0,0.006376189191365894,0.0005473977684076184,0.0
1911.5,1.0231855794845113,0.08591418171961775,0.0,0.01814701696933611,0.036076923076923076,11.584349599455024,7.18,1.0,0.0,1.0,0.0,0.24364062625031097,1.0132345341739504,0.08507861881465342,0.0,0.006427613531681323,0.0005397096754066426,0.0
1911.75,1.0184734855688033,0.08902654134234352,0.0,0.018654223473621813,0.03496058350699613,0.8129098004763691,7.25,1.0,0.0,1.0,0.0,0.16647058423622685,1.0083503046174878,0.08814165646291537,0.0,0.0064198548312805245,0.0005611706928527881,0.0
1912.0,1.0209039995006006,0.08711024889995989,0.0,0.01965078125,0.03513114997036158,-1.7760184326469641,6.53,1.0,0.0,1.0,0.0,0.16423012634674639,1.0105557179297517,0.08622726540321142,0.0,0.006457274925291639,0.0005509771988676527,0.0
1912.25,1.0279635289583504,0.08087928445871052,0.0,0.017772970973249858,0.03519572523584906,8.370259084084353,6.0,0.0,0.0,0.0,0.0,0.17800234195413533,1.0173593317723162,0.08004495536384994,0.0,0.0065243907697219656,0.0005133334424022238,0.0
1912.5,1.0385772646504277,0.08402623780761499,0.0,0.018105834738617203,0.03408053500284576,-1.9647535110335568,5.68,0.0,0.0,0.0,0.0,0.2517756907391839,1.0276944360804356,0.08314576105103064,0.0,0.006612253318323429,0.0005349652728597375,0.0
1912.75,1.0554893184017262,0.08395769264936043,0.0,0.018346704918032787,0.03366658234963463,1.8616228594677153,5.23,0.0,0.0,0.0,0.0,0.23710965743187445,1.0442769686873608,0.08306581909385984,0.0,0.006736101703746157,0.0005358155185827297,0.0
1913.0,1.060466923332892,0.080108394292922,0.0,0.018675807848443842,0.03267532786885245,-1.0674794046703795,5.39,0.0,0.0,1.0,0.0,0.5896062373637211,1.0490676020389758,0.07924728179163365,0.0,0.006784372261827609,0.0005124961054630115,0.0
1913.25,1.0544260516250006,0.08224655639409656,0.0,0.016321298207495925,0.03228817320703654,-2.0666375301374273,5.53,0.0,0.0,1.0,0.0,0.9131458357076762,1.0429772713491807,0.08135353715282527,0.0,0.006762391910019605,0.0005274750625985223,0.0
1913.5,1.051466810240943,0.07731701071950149,0.0,0.017904721259002398,0.032333731667571974,5.469220549497322,5.73,0.0,0.0,1.0,0.0,0.9746970388531142,1.0399549097207117,0.07647051159346573,0.0,0.00676031626326629,0.0004971031324083415,0.0
1913.75,1.0169374606714388,0.07786513964790473,0.0,0.01864862734438706,0.03170645505468125,2.8477143662621884,6.32,0.0,0.0,1.0,0.0,0.9971254496534027,1.0057302564786033,0.07700702343792505,0.0,0.006554962788310626,0.000501902145055832,0.0
1914.0,0.9774472902172602,0.08154282379645325,0.0,0.018296789146410402,0.03228605599347649,-2.807682235176223,7.24,1.0,0.0,1.0,0.0,0.9997081585478296,0.9666232136726278,0.08063983314389121,0.0,0.006316671134834665,0.0005269636598137965,0.0
1914.25,0.9580075224910046,0.0814852160579964,0.0,0.018396009739329706,0.033584934991520626,-0.2500908944064406,8.13,1.0,0.0,1.0,0.0,0.9992883766104277,0.9473657948573844,0.0805800629614934,0.0,0.0062072229972146824,0.0005279675735040501,0.0
1914.5,0.9248782042992045,0.08262752404035957,0.0,0.019428071839080463,0.03409573188198225,9.901468170820493,8.94,1.0,0.0,1.0,0.0,0.9986850179244523,0.9145896777715421,0.08170835925838867,0.0,0.006010706980579275,0.0005369894470739431,0.0
1914.75,0.8808293409274983,0.0823081039434958,0.0,0.017274233091787442,0.03426612068965518,-3.297984300579415,9.66,1.0,0.0,1.0,0.0,0.9769341710186035,0.8710332107252587,0.08139271560949579,0.0,0.00574627364736025,0.0005369540575892649,0.0
1915.0,0.8941610222084109,0.08763634808378551,0.0,0.019173487627365354,0.03602910628019324,5.662268653263602,9.23,1.0,0.0,0.0,0.0,0.39031433884359074,0.8842360993076566,0.0866636105382738,0.0,0.005855643664626308,0.0005739091882806266,0.0
1915.25,0.9044613757088759,0.08305315223242045,0.0,0.016696385885031303,0.034680174672489086,1.4890299993284728,9.4,1.0,0.0,0.0,0.0,0.04587660456211168,0.8944592390232549,0.08213469512290675,0.0,0.005945994311055956,0.0005459974123297326,0.0
1915.5,0.9356316634848968,0.07585536322674602,0.0,0.01723359087159747,0.03371983494593056,-2.7620523235563965,9.13,1.0,0.0,0.0,0.0,0.0097494085271679,0.9253402883379371,0.07502100069890288,0.0,0.006174944923160644,0.0005006272322025398,0.0
1915.75,0.9916258962409535,0.07943946586859262,0.022896889721489382,0.017891283476503286,0.032520318944184765,7.613615071557334,8.4,1.0,0.0,0.0,0.0,0.00121691297168819,0.9807972843414599,0.07857198232600365,0.022645037960781825,0.006570457086414396,0.0005263614064899734,0.02447071762441573
1916.0,1.0323328638535247,0.08112003177084308,0.0,0.01781764381040037,0.030149873673572514,18.342135380410518,7.34,1.0,0.0,0.0,0.0,0.003945196162874447,1.0211605131857164,0.08024211586516848,0.0,0.006867493507291651,0.0005396430850976005,0.0
1916.25,1.0341099857028773,0.07223870301929552,0.0,0.015061447546150384,0.028190197883110907,5.00018051462181,6.52,1.0,0.0,0.0,0.0,0.048639314089424145,1.02304040643627,0.07146542739074092,0.0,0.006906973653322344,0.0004824929895298499,0.0
1916.5,1.0339678537569443,0.07863679096470148,0.0062862666468162,0.016604357254638945,0.028967469608284554,-0.08669740661577663,6.07,0.0,0.0,0.0,0.0,0.12275175675424972,1.023039830812489,0.0778056774510481,0.00621897561597806,0.006933753021710273,0.00052733562749357,0.006078343088698784
1916.75,1.0210386673045975,0.0703567216770712,0.0,0.01607127257454851,0.03375504135926671,27.015516095058167,5.98,0.0,0.0,0.0,0.0,0.8005119517487487,1.0104062049848777,0.06962407048948664,0.0,0.0068743097538648415,0.0004736881310787423,0.0
1917.0,0.9728664205964539,0.07837780856638861,0.0,0.01865312380952381,0.04255314993700127,13.166781217784163,6.12,0.0,0.0,0.0,0.0,0.9429785224498359,0.9629045700831343,0.07757524410741463,0.0,0.0065762423159387755,0.0005298070222310973,0.0
1917.25,0.9829254126441918,0.1392108653544307,0.37291486280270225,0.030828536308623294,0.06297606349206349,37.89957320076418,5.86,0.0,0.0,0.0,0.0,0.9060878746785552,0.9730502756711806,0.13781225835351063,0.3690963302284584,0.006671063538267807,0.0009448168864597514,0.3832804232804233
1917.5,0.9631816486803321,0.12330656575274417,0.0,0.022937186578171093,0.08511887291981846,15.269493512876942,5.05,0.0,0.0,0.0,0.0,0.42804287479960934,0.9537093693039277,0.12209392404455209,0.0,0.006565324099452162,0.000840493139447108,0.0
1917.75,0.9700250211134986,0.12346836714132028,0.06694749813181916,0.03617386934673367,0.1216990966076696,4.89583173589434,3.69,0.0,0.0,0.0,0.0,0.16159849219265737,0.9607090087758182,0.1222825906854909,0.06628911203535984,0.00664410951602936,0.0008456867969349716,0.06950589970501475
1918.0,0.9838803162374479,0.2103276998697767,0.0,0.04017216600926085,0.16630850681981335,9.484483409610611,1.98,0.0,0.0,0.0,0.0,0.08847485868898063,0.9746770831287777,0.2083602910100137,0.0,0.006771936186268853,0.0014476616090560055,0.0
1918.25,1.0440971171169924,0.27132853223369646,0.2750224221925607,0.11676372177602667,0.21360349854227406,22.67047049065134,0.79,0.0,0.0,0.0,0.0,0.49247314980668927,1.0346102805099553,0.26886319695987076,0.27244985780665176,0.0072216877509207016,0.001876693178808787,0.2795403875836049
1918.5,1.0640760211816422,0.29828961248336167,-0.07594459834030028,0.07434337382661513,0.24546143355053798,26.63263320234801,0.65,0.0,0.0,1.0,0.0,0.20161996902335427,1.0547119300485743,0.29566460161972064,-0.07525455333985924,0.007399866625554831,0.002074385010306059,-0.07273829368086074
1918.75,1.0301117008678264,0.3287939303493421,-0.16158987046539672,0.044974509001636666,0.2762049972390944,14.771333853928681,1.54,0.0,0.0,1.0,0.0,0.14291794686669096,1.0213606558973731,0.32600074736920975,-0.1601678458702571,0.007209902502840882,0.0023012768220645424,-0.1518498067366096
1919.0,0.9862092896902123,0.249165983856684,0.0,0.07684886877828054,0.3174148936170213,-0.10175334036013339,2.33,0.0,0.0,1.0,0.0,0.2021436196632249,0.9781497497555028,0.2471297394020258,0.0,0.006947307682219949,0.0017552387428222097,0.0
1919.25,0.9971139744311113,0.14594028798314015,0.0,0.06190378574305277,0.3603577488687783,13.316939126259264,2.01,0.0,0.0,0.0,0.0,0.8235125617216772,0.989304787172143,0.14479731429436166,0.0,0.007069731132861803,0.0010347448977253357,0.0
1919.5,1.0138450321108274,0.104865639963499,0.0,0.08031853694948993,0.3515710833668949,20.69776598905584,2.43,0.0,0.0,0.0,0.0,0.987784372019646,1.0062689777302822,0.10408202139670478,0.0,0.007230105676486387,0.0007478358474469412,0.0
1919.75,1.0182105787596651,0.06968607172726196,0.0,0.07646514046622832,0.3222664842000498,11.150738972703955,2.59,0.0,0.0,0.0,0.0,0.9678936243451957,1.0109851843844087,0.06919156758323193,0.0,0.007293361066626236,0.0004991557670132007,0.0
1920.0,1.009389749631618,0.06775476126555838,0.0,0.07163496071829406,0.3002502092050209,25.615869870915375,3.3,0.0,0.0,1.0,0.0,0.9699473475245695,1.0026246630178604,0.06730065834978848,0.0,0.00726238471455489,0.000487483791798844,0.0
1920.25,0.9623420907019129,0.07164957887610322,0.0,0.05573550099535501,0.27271964085297423,21.8511803872957,4.24,0.0,0.0,1.0,0.0,0.9951965710531814,0.956287993662788,0.07119883115601548,0.0,0.006954931844711376,0.0005178178764082809,0.0
1920.5,0.9531976843374317,0.07247654775555612,0.0,0.06959556362835755,0.26475613802256137,2.5561857060475646,5.55,0.0,0.0,1.0,0.0,0.9929778486444273,0.9476089497223127,0.0720516073702809,0.0,0.0069162722727788084,0.0005258799364550633,0.0
1920.75,0.9110017793309074,0.08009084505097576,0.0,0.06423449171407371,0.26279238221047996,-31.554113746852686,7.56,1.0,0.0,1.0,0.0,0.9889776558278488,0.9060657449738251,0.079656892920663,0.0,0.006629637489601351,0.0005828454795267022,0.0
1921.0,0.8818510837929457,0.09846769631858202,0.0,0.06758279657562168,0.29604748948800397,-27.792104262075235,10.03,1.0,0.0,1.0,0.0,0.9818500029937605,0.8774799615310014,0.09797961579413647,0.0,0.006436742164370709,0.0007187281213015814,0.0
1921.25,0.9045537620704861,0.09329567890870438,0.0,0.05189377190617416,0.3258248403315668,-10.142741912114417,11.8,1.0,0.0,1.0,0.0,0.9220153762499725,0.9005023933246816,0.09287782071884493,0.0,0.0066225327159608344,0.0006830480527950384,0.0
1921.5,0.9180173865467949,0.07356057467857294,0.0,0.05664108897742364,0.3212217578862227,-3.0286031002347613,11.97,1.0,0.0,1.0,0.0,0.8139975467530631,0.9143589858110205,0.07326742765927695,0.0,0.006744763739865426,0.0005404567539205434,0.0
1921.75,0.9207465464509356,0.08128096037163292,-0.009143073651122076,0.055067772890843664,0.3129084993359894,-5.7811279945905625,11.52,1.0,0.0,0.0,0.0,0.2935386364692805,0.9175466536552019,0.08099848267945364,-0.009106637492218456,0.006794765413512597,0.000599823111407879,-0.0099601593625498
1922.0,0.9094119081609768,0.07887287933222058,0.0,0.04701792532285233,0.30987445021991206,-18.981864260113568,10.57,1.0,0.0,0.0,0.0,0.026439026685857438,0.906728978717985,0.07864019008731957,0.0,0.006741051701887261,0.0005846483344718852,0.0
1922.25,0.921774908327725,0.07666851603484298,0.0,0.041062873835025736,0.3223382930937676,-4.919818033518553,9.34,1.0,0.0,0.0,0.0,0.011123564104680968,0.9195540046488965,0.07648379264112312,0.0,0.006863386083938783,0.0005708613038560746,0.0
1922.5,0.9305919490636373,0.08288756803500101,0.0,0.04421616888406191,0.3167924607038531,2.737414151334683,7.95,1.0,0.0,0.0,0.0,0.005742183278263135,0.9288659982371329,0.08273383807129253,0.0,0.0069583464450041176,0.000619777997168064,0.0
1922.75,0.959879814487271,0.10263190713422055,0.0,0.04895746588693957,0.3073351887048602,1.8927945365714294,6.38,0.0,0.0,0.0,0.0,0.011771671931117701,0.9586466658098054,0.10250005687688814,0.0,0.0072037535396559825,0.0007702370162817813,0.0
1923.0,1.0049073696653852,0.0894595095375379,0.0,0.04220923261390887,0.29254554905782976,10.683244685463045,4.76,0.0,0.0,0.0,0.0,0.00643242117363279,1.004203130376168,0.0893968162950439,0.0,0.007569720832385718,0.0006738765516535105,0.0
1923.25,1.0357051502980346,0.07929326705975862,0.0,0.04054663289973523,0.2679820143884892,1.0325519364515756,3.99,0.0,0.0,1.0,0.0,0.003928557360187996,1.035598528762996,0.07928510414790123,0.0,0.007831030471377665,0.0005995412790419867,0.0
1923.5,1.021237996155385,0.07729243025661447,0.0,0.04161862859817459,0.25451007252215957,-4.138976644779113,4.18,0.0,0.0,1.0,0.0,0.03170731254530436,1.0217577299488394,0.0773317663253211,0.0,0.007749440902632333,0.0005865166814683707,0.0
1923.75,1.0229728281848838,0.08788117103780328,0.0,0.04005103051237767,0.2553628598174585,2.5640944529842002,4.35,0.0,0.0,1.0,0.0,0.2585438476267477,1.0241325627708315,0.08798080108730028,0.0,0.007787817728707598,0.0006690329625295735,0.0
1924.0,1.048788168612081,0.07719952075849754,0.0,0.03992031388152078,0.2478554979850317,3.1780666004495473,5.02,0.0,0.0,1.0,0.0,0.405735564866594,1.0506461246366376,0.07733628175464413,0.0,0.008010635452426751,0.0005896493080359218,0.0
1924.25,1.0076528926605832,0.09046516806062124,0.0,0.040400394111510377,0.2348674845269673,-6.303790848587099,5.62,0.0,0.0,1.0,0.0,0.7401629106089194,1.0100928710186328,0.09068422469592986,0.0,0.007722119100128301,0.0006932772259827669,0.0
1924.5,0.983412138646829,0.09191710937848586,0.0,0.03820303529411765,0.24377929755419037,0.543328212520855,5.34,0.0,0.0,1.0,0.0,0.6938548836661209,0.9864447324855247,0.09220055845198974,0.0,0.007564253826223603,0.0007070121660978615,0.0
1924.75,1.0133805212568006,0.09060148733361408,0.0,0.03982560170155603,0.2452685882352941,4.6391900029354005,5.18,0.0,0.0,0.0,0.0,0.6094367772580868,1.0171881339055497,0.09094190770082138,0.0,0.007828968261373111,0.0006999504666700761,0.0
1925.0,1.0100535698552546,0.09516667734872092,0.0,0.03584857770455793,0.23152871375797604,5.681430045941482,5.16,0.0,0.0,0.0,0.0,0.7325585452468861,1.0145406307000955,0.09558944568934095,0.0,0.007837780032966058,0.0007384712116154575,0.0
1925.25,1.0011258315207954,0.08697590826068391,0.0,0.03584103390772651,0.22532883031301484,-4.599848086186498,4.96,0.0,0.0,0.0,0.0,0.2728180079276389,1.0062702663367615,0.0874228469735996,0.0,0.007803136927986745,0.0006779216959801645,0.0
1925.5,1.011451098385833,0.09101289774407485,0.0,0.03687496488384657,0.22601500833796553,4.003290674478244,4.58,0.0,0.0,0.0,0.0,0.1202522286814167,1.0173630639389992,0.09154487118027507,0.0,0.007919900765490344,0.0007126524650209317,0.0
1925.75,1.0233012290003134,0.08765965741937663,0.0,0.03564845610707135,0.21742982171799027,2.0536631225537505,4.03,0.0,0.0,0.0,0.0,0.18328934591034826,1.030015404891589,0.08823481783334157,0.0,0.008051589465934563,0.0006897280627277242,0.0
1926.0,1.0296963081931516,0.0853962936866358,0.0,0.03666557598421107,0.20965928970386766,-0.0252750637885768,3.36,0.0,0.0,0.0,0.0,0.164055722798055,1.0371999769527824,0.08601859901688322,0.0,0.00814150335872629,0.000675203170430427,0.0
1926.25,1.0287312967376743,0.0906203033819705,0.0,0.036438236812222566,0.2040429001765867,-0.4156879079788567,2.82,0.0,0.0,0.0,0.0,0.17432989284440295,1.0369841554188632,0.09134729259657838,0.0,0.008173889146994177,0.0007200328372046132,0.0
1926.5,1.047734572224746,0.08310972679618357,0.0,0.03915685585133099,0.1999450810364406,0.29007874695796687,2.46,0.0,0.0,0.0,0.0,0.25886223261585845,1.056919260274706,0.08383828623745455,0.0,0.00836568722959837,0.0006635936224170929,0.0
1926.75,1.047416594471243,0.08999634758361472,0.0,0.035718995415587006,0.19167322953289806,-0.06874624060912993,2.96,0.0,0.0,1.0,0.0,0.6150482443175248,1.0573862204622766,0.0908529598720811,0.0,0.00840357884740934,0.0007220540584231954,0.0
1927.0,1.0362394442230214,0.09427933420810981,0.0,0.035635628227194495,0.18728024715965716,-5.321651517111903,3.32,0.0,0.0,1.0,0.0,0.8735139821621465,1.0468896874049074,0.0952483166589714,0.0,0.008354367672841723,0.0007600986686198322,0.0
1927.25,1.0345533100506448,0.08951936141429992,0.0,0.037084095528455284,0.18742431912524046,-4.180524286871012,3.59,0.0,0.0,1.0,0.0,0.876705430016451,1.0459793824182602,0.09050805353087384,0.0,0.008381640592108587,0.0007252590138375806,0.0
1927.5,1.010045515925833,0.0949790333578648,0.0,0.036719246947778804,0.1854897357723577,2.4135815093952573,4.12,0.0,0.0,1.0,0.0,0.9310909209758617,1.0219822002076708,0.0961014924121459,0.0,0.008224389599542926,0.0007733756170453835,0.0
1927.75,0.9820880878026494,0.09148209247058067,0.0,0.036398905451892005,0.184812865497076,1.5073869172967491,4.57,0.0,0.0,1.0,0.0,0.8796875663681946,0.9944604323917849,0.09263458376524,0.0,0.008039199560532014,0.0007488562448930023,0.0
1928.0,0.9803591365609192,0.09598882761814373,0.0026209016946497975,0.04036211851074987,0.18552652976128425,-5.057963653143638,4.82,0.0,0.0,0.0,0.0,0.8099693595824051,0.9934796690668867,0.09727348390991002,0.002653919811153999,0.008067890161077824,0.0007899424700936568,0.0026686125299697694
1928.25,0.9834836045061854,0.09189779282811876,0.0,0.03436599710084904,0.18462810697430518,0.46069825608991977,5.2,0.0,0.0,0.0,0.0,0.7040697165662002,0.9974238538595867,0.09320038510437172,0.0,0.008137053236672123,0.0007603352299406481,0.0
1928.5,0.9972325752894983,0.09313086806169989,0.0,0.03317126715092817,0.18052495340650238,1.4697904246927962,4.93,0.0,0.0,0.0,0.0,0.17177795377931704,1.0121610070358877,0.09452502409088644,0.0,0.008296585201167628,0.0007748124167607414,0.0
1928.75,0.998951568595675,0.09486490674192406,0.0,0.034409704046708275,0.17429297820823242,-3.1928245194690064,4.01,0.0,0.0,0.0,0.0,0.059283061153616784,1.014704032821371,0.09636083116579469,0.0,0.00835971948345607,0.0007938763340664914,0.0
1929.0,1.0108445055844109,0.09562385511004266,0.0,0.03755795789887861,0.17226343869538954,1.1202883649284345,2.65,0.0,0.0,0.0,0.0,0.37210454368657897,1.0275964146374745,0.0972085519800926,0.0,0.008509178768824616,0.000804951180127466,0.0
1929.25,1.0445661857356727,0.09172123986603915,0.0,0.03539763363816348,0.16654613417273265,0.46329451355777707,1.98,0.0,0.0,0.0,0.0,0.8044315015126569,1.0627186206746588,0.09331516839055749,0.0,0.008845175453822861,0.0007766769310897313,0.0
1929.5,1.0441350425572085,0.09161562939863269,0.0,0.03463471785383904,0.1576036579617234,4.32661168096562,2.55,0.0,0.0,1.0,0.0,0.921894733976521,1.063123412352024,0.09328172753642282,0.0,0.008893189102781047,0.0007803158440281027,0.0
1929.75,0.9890557831289629,0.09639785391637226,0.0,0.03400584789612418,0.15264449583718778,-3.2734184685546452,4.37,0.0,0.0,1.0,0.0,0.992617447011103,1.007844144822767,0.09822905269886918,0.0,0.008471632924756787,0.00082568369453369,0.0
1930.0,0.9482216092398104,0.09973597918382762,0.0,0.03246228588907015,0.159263008884116,-3.947621030527948,6.38,0.0,0.0,1.0,0.0,0.999524042430674,0.9670042403529797,0.10171157654151956,0.0,0.008167964167809513,0.0008591239603450893,0.0
1930.25,0.9379890680831968,0.10078875969323595,0.0,0.03521561338289963,0.16502141109298535,-4.14993477437573,6.84,1.0,0.0,1.0,0.0,0.9998959680310164,0.9573309390984058,0.10286708155870629,0.0,0.008125891614198678,0.0008731429449070178,0.0
1930.5,0.88763291931016,0.09852999880748418,0.0,0.028256457892980306,0.16674101610904585,-11.166555674725842,9.45,1.0,0.0,1.0,0.0,0.9998203081073181,0.9066574886883637,0.1006417848367857,0.0,0.007736114025941345,0.0008587325787139017,0.0
1930.75,0.8422926929203033,0.10502284988662355,0.0,0.029282104263151646,0.18046445655801535,-8.604529985233356,13.1,1.0,0.0,1.0,0.0,0.9997359904234409,0.8610287777792451,0.10735899389468972,0.0,0.007390083940890146,0.0009214465267207172,0.0
1931.0,0.8399300844530769,0.12021343472616791,0.0,0.024148403217942465,0.19513786961168508,-12.756434222322177,13.56,1.0,0.0,1.0,0.0,0.9998663966498565,0.859294684299247,0.12298495714534849,0.0,0.007418842509639908,0.0010618080674620009,0.0
1931.25,0.8502480197871629,0.09923303927816118,0.0,0.026516666666666664,0.20479375914188197,-12.850686106115639,13.98,1.0,0.0,1.0,0.0,0.9999652261558971,0.8705386619119921,0.10160117426947385,0.0,0.007560571580474501,0.0008823995812402864,0.0
1931.5,0.8125538490311895,0.11669689185412092,0.0,0.024192767295597488,0.2139143244575937,-9.732728691449033,16.12,1.0,0.0,1.0,0.0,0.9999670025355262,0.8326004275079237,0.11957592984444468,0.0,0.007275018302845229,0.001044819398906438,0.0
1931.75,0.7666225428847504,0.09398301609851442,0.0,0.023035104418241227,0.23618068658280925,-12.576374109216282,18.95,1.0,0.0,1.0,0.0,0.9999496667390817,0.7861522429671611,0.09637723230605985,0.0,0.006912561489445942,0.0008474357867170564,0.0
1932.0,0.7348052457590949,0.09536707257046474,0.0,0.02305760135135135,0.2664583037363262,-17.646901337355914,19.7,1.0,0.0,1.0,0.0,0.9999686673653274,0.7541122388644436,0.09787284049090621,0.0,0.0066728972907578385,0.0008660453689678682,0.0
1932.25,0.694417629662852,0.11832309639753631,0.0,0.023729682037622775,0.2992473894348894,-13.167368509241228,22.91,1.0,1.0,1.0,0.0,0.9999990088634744,0.7132168106480873,0.12152632340228658,0.0,0.006351210256789893,0.0010821943904564051,0.0
1932.5,0.6653868263514652,0.10442395023594152,0.0,0.02661834990406419,0.3355308806392542,-5.101620058742462,24.81,1.0,1.0,1.0,0.0,0.9998940785286736,0.6839263288958707,0.1073334879881565,0.0,0.00612955925790382,0.0009619559113085133,0.0
1932.75,0.6561397770233512,0.09776868792280938,0.0,0.03488652571223795,0.3634147915576487,-8.619963364302663,24.14,1.0,1.0,1.0,0.0,0.9712818588612929,0.6749371558402346,0.10056960798233093,0.0,0.0060885427649445675,0.0009072287008585969,0.0
1933.0,0.6126997156092386,0.1031959571394269,0.0,0.03876899666208521,0.3870963984948934,-12.720274580430235,22.76,1.0,1.0,1.0,0.0,0.9922227653270863,0.6307302042379461,0.10623280126441699,0.0,0.005727101939085788,0.0009646059091954212,0.0
1933.25,0.6528927129666515,0.1055778505347885,0.0,0.04438178210678211,0.44254192028274103,5.005224723961277,23.44,1.0,1.0,0.0,0.0,0.5086536587516561,0.6726102295688755,0.1087663269558037,0.0,0.006147631732986107,0.0009941200619301175,0.0
1933.5,0.7024027518467068,0.08109542902105561,0.0,0.04295387787470262,0.42771266233766236,18.658811230976724,20.99,1.0,1.0,0.0,0.0,0.015632854866955707,0.7241534799459278,0.08360664444851398,0.0,0.006662295512151483,0.0007691907689747915,0.0
1933.75,0.6526363331161665,0.11815194676043075,0.0,0.05470732403830002,0.3960109436954798,2.9145194228634708,20.59,1.0,1.0,0.0,0.0,0.06290324994049976,0.6733393862699507,0.12189998515468435,0.0,0.006235297526894525,0.0011288255097834951,0.0
1934.0,0.6900050079567207,0.12708333819675785,0.009592524522533336,0.05185576086956521,0.43914816059129846,5.615743436135823,18.69,1.0,1.0,0.0,0.0,0.004861026147282124,0.7124100465521317,0.13120984027181326,0.009896820399106356,0.006640412988119656,0.0012230140938169606,0.014698471358978666
1934.25,0.7287604041228697,0.10860175325409029,0.0,0.0500435047951177,0.42007965838509315,1.1950000769761715,19.03,1.0,1.0,0.0,0.0,0.008057730267086921,0.7529621553683873,0.11220836058650434,0.0,0.007064683326408263,0.001052797313207921,0.0
1934.5,0.6947839329598632,0.10155458591981428,0.0,0.05103710832587288,0.40018933449578614,4.905563286884984,22.63,1.0,1.0,0.0,0.0,0.20175226723055179,0.71836361613175,0.10500116095853171,0.0,0.006784330420915802,0.0009916462283521246,0.0
1934.75,0.6896133092082679,0.11204623250824698,0.0,0.05067882405611102,0.415251268278126,-0.6298042779460999,23.51,1.0,1.0,0.0,0.0,0.005263465850047037,0.7135119503034668,0.11592920962169347,0.0,0.006782242788813837,0.001101957781695472,0.0
1935.0,0.7261008606566174,0.09589502585688635,0.0,0.04864410662224073,0.41997119832860763,4.743667988214462,19.52,1.0,1.0,0.0,0.0,0.00890735150043144,0.7517761304462692,0.09928591931779573,0.0,0.007192553752821238,0.0009499095311360882,0.0
1935.25,0.7208707367226831,0.10698473555544583,0.0,0.052866108960176995,0.3984574482854366,0.9276485478356022,19.35,1.0,1.0,0.0,0.0,0.10815089211126423,0.7468617638248012,0.11084207504737228,0.0,0.007192340199145012,0.0010674182971119064,0.0
1935.5,0.7329494965900555,0.1257253426867236,0.0,0.049990161725067386,0.41110467367256637,0.0,19.44,1.0,1.0,0.0,0.0,0.0018015208670698066,0.7598736004287255,0.13034372662367721,0.0,0.007366096354672458,0.0012635317887019415,0.0
1935.75,0.7653144598602056,0.11530530655859768,0.0,0.047950299401197605,0.4183474393530997,1.6543869699528813,18.59,1.0,1.0,0.0,0.0,0.0005966470054576562,0.7939376106898053,0.11961778378747796,0.0,0.007748087123437928,0.0011673574822745718,0.0
1936.0,0.7606014610856517,0.1179745338269882,0.0,0.05456037831661801,0.4133759714613327,0.2942039686438136,17.11,1.0,1.0,0.0,0.0,0.00200438137628747,0.7895448273885396,0.1224638496141195,0.0,0.007757299275068983,0.0012032106333669528,0.0
1936.25,0.7998599866675687,0.12998658747579278,0.0,0.05429703160677803,0.42882480639837506,-1.799840516308393,17.49,1.0,1.0,0.0,0.0,0.002475122194836862,0.8308064598901771,0.13501575072394728,0.0,0.00821813510146863,0.0013355429138361332,0.0
1936.5,0.8145823775743344,0.12782931724428484,0.0,0.05468459767468631,0.4184283139045788,6.318106582358496,16.29,1.0,1.0,0.0,0.0,0.0024116950219480204,0.8466046280028936,0.13285444732517057,0.0,0.008431771751165728,0.0013231659016743288,0.0
1936.75,0.833658829378855,0.1308078315246141,0.0,0.053305811645346264,0.40975330954299527,4.320543588064929,15.86,1.0,1.0,0.0,0.0,0.023724453556436802,0.8669345071734675,0.13602905524519548,0.0,0.008694116364712203,0.0013641773692219105,0.0
1937.0,0.8234990781541776,0.1294021313700152,0.0,0.0625208863489325,0.39838828848698715,10.263643882579387,14.34,1.0,1.0,0.0,0.0,0.3682714228817211,0.8568524190872678,0.13464317355153976,0.0,0.00865287322366989,0.0013596860850496116,0.0
1937.25,0.8377234208222561,0.11499156632201381,0.0,0.07206255603043886,0.3927604054345482,3.0961824337369492,13.62,1.0,1.0,1.0,0.0,0.9754482599647085,0.8721288451263263,0.11971428689107134,0.0,0.008868797106286531,0.0012173909016928578,0.0
1937.5,0.8287786291711291,0.11116061558224849,0.0,0.07141521106259097,0.3805572813509851,1.694305416008035,12.94,1.0,1.0,1.0,0.0,0.9830673734131118,0.8632723661993789,0.11578711644367541,0.0,0.00883918788019683,0.0011855633475883769,0.0
1937.75,0.7647405707077216,0.10290042592212685,0.0,0.07804252202769195,0.37995362861301724,-9.776107808797008,15.12,1.0,1.0,1.0,0.0,0.9500403876925972,0.7969750814909083,0.10723777248909619,0.0,0.008214421061586888,0.0011052995725841193,0.0
1938.0,0.7287004842672025,0.10844942006541303,0.0,0.07031065159894205,0.42002746309646416,-4.103953203293642,18.39,1.0,1.0,1.0,0.0,0.7545092181827348,0.759786989168676,0.11307589349477501,0.0,0.007883295123852751,0.0011732375685822066,0.0
1938.25,0.7355069030908707,0.11527832771518927,0.0006658331865736728,0.06809297933000712,0.44679886992065393,-2.5690322423344014,19.82,1.0,1.0,1.0,0.0,0.9377668773769197,0.7672432296080597,0.1202524627414553,0.000694237760283818,0.008013982943120623,0.0012560569426863114,0.0009136811733589804
1938.5,0.7725232847284553,0.13086795105302906,0.0,0.06596342499441091,0.45251425516749816,1.0790911776011214,19.21,1.0,1.0,0.0,0.0,0.8945264093352232,0.8062175749044843,0.1365758731373104,0.0,0.008477520476559362,0.0014361194758904811,0.0
1938.75,0.7961892317295094,0.1380185594410534,0.0,0.07030203839516824,0.4388546836575006,-1.4128854548447478,17.37,1.0,1.0,0.0,0.0,0.09851923194365991,0.8312699120336642,0.1440997581898409,0.0,0.008799289452279738,0.0015253475002046967,0.0
1939.0,0.7803793357771098,0.1331930272406091,0.00429355771230976,0.06362599824484423,0.4361453839516825,-2.3901760103248293,17.75,1.0,1.0,0.0,0.0,0.015664945982128305,0.8150918231545543,0.13911766038360382,0.004482735007694418,0.008685965459742278,0.0014824970127359665,0.005392579810181191
1939.25,0.7824050023656521,0.1316486859215097,0.0,0.06671895703509347,0.45414644580956565,-3.357977159301484,17.28,1.0,1.0,0.0,0.0,0.0071087054537154505,0.8175184353594183,0.1375569269192608,0.0,0.008770644585656259,0.0014757623365074485,0.0
1939.5,0.799039926933927,0.12375424855650533,0.005987654875876621,0.06747423700273626,0.45819131955832515,3.1474024984422755,16.06,1.0,1.0,0.0,0.0,0.06498648914848495,0.8351976884914609,0.12935431491139715,0.006256373912230165,0.009020969245000558,0.0013971558022765783,0.007652782333005356
1939.75,0.796330459462354,0.1251925741512057,0.0,0.07153200706420113,0.44387613134077036,2.9063686413536516,15.44,1.0,1.0,0.0,0.0,0.09199275646585921,0.8326414799852461,0.13090109638001418,0.0,0.009054188487074658,0.0014234256018693372,0.0
1940.0,0.8188247092548938,0.1245601846549773,0.0,0.07382490713783757,0.44052669852482856,-1.1271956851832243,15.06,1.0,1.0,0.0,0.0,0.022746983043654502,0.85642395665032,0.13027980833697902,0.0,0.009376167013895823,0.0014263090517499435,0.0
1940.25,0.8155475331875638,0.11991878939685038,0.259756750636492,0.07632557308722834,0.429675634976408,2.567573545466395,14.25,1.0,1.0,0.0,0.0,0.0034420049319658164,0.8532354215227212,0.1254604479270545,0.2716844052607655,0.009405207698336672,0.0013829495833335812,0.31723722517819497
1940.5,0.833110622275534,0.11934371562707698,0.0,0.07974963959634791,0.4323378981839834,0.6034252658476902,13.33,1.0,1.0,0.0,0.0,0.0008508289680464236,0.8718309196883512,0.12489042699994289,0.0,0.009675231551523583,0.0013859841082776011,0.0
1940.75,0.8450146501734729,0.13787138523558384,0.03923351728942459,0.08805421787709496,0.4297688611244594,3.340221707561142,13.36,1.0,1.0,0.0,0.0,0.00035722484583607567,0.8844887765053585,0.1443119273933136,0.04105696476131987,0.009880242479988671,0.0016120462726887067,0.04709274387313792
1941.0,0.8857132810577024,0.16195773611630435,0.05507293109228225,0.10757212205270458,0.4307340782122905,6.078965603205511,11.26,1.0,1.0,0.0,0.0,0.00023681801951584255,0.9272724595426367,0.16955706945161975,0.05764561529244102,0.010426716847545776,0.0019065847739548896,0.06517690875232775
1941.25,0.9345203141717455,0.17903299110049553,0.34013040217275875,0.11356303986052778,0.41782238210818307,10.742116274780322,10.5,1.0,1.0,0.0,0.0,0.0002016236822951464,0.9785363401073748,0.1874654678055064,0.3560899010245427,0.011076460182386384,0.0021219996689057856,0.3840152565880721
1941.5,0.9503494730288164,0.20899160583546877,0.0,0.11948217368460558,0.4007807274744433,11.331269973386782,8.88,1.0,1.0,0.0,1.0,3.913545845380847e-5,0.9952496981353077,0.2188656263023535,0.0,0.011339951394323847,0.0024937717326687487,0.0
1941.75,0.986549430485387,0.25473859462236703,0.6918931550250522,0.11812404127736718,0.4060328004203258,10.811196205486162,7.11,1.0,1.0,0.0,1.0,8.32569396301546e-6,1.033273823519642,0.26680337906025686,0.7245823491498786,0.011848761651529637,0.003059488757335778,0.7280642497935901
1942.0,0.9862344620897789,0.291831932890374,0.0,0.13968485795840696,0.41496513735880636,6.67297151682984,6.53,1.0,1.0,0.0,1.0,4.53664665289544e-6,1.033026515180851,0.3056779460063034,0.0,0.011922496787769314,0.0035279291245627364,0.0
1942.25,1.0466958233214168,0.38517868044617665,0.1943829839863433,0.1328315427857589,0.46078557836074485,6.283854199743821,5.01,0.0,1.0,0.0,1.0,2.6432232158176588e-5,1.0964089485962183,0.4034728549021719,0.2036055160071945,0.012736415163018044,0.004686935284158009,0.19709120565447874
1942.5,1.1006258456658662,0.4792370339076993,0.43279120455800807,0.13244018467652388,0.4997693941286696,2.7904216020600003,3.76,0.0,1.0,0.0,1.0,2.9724705456709947e-5,1.1529180838068398,0.5020062403567028,0.45334674981828343,0.01347720405893854,0.0058682751490966726,0.4134915677701437
1942.75,1.1700268237256932,0.5340766891571539,0.0,0.13268169618894254,0.5556628484600549,5.864899988806016,3.1,0.0,1.0,0.0,1.0,7.13374451993987e-5,1.2255948625719155,0.5594415727719112,0.0,0.01441024345408131,0.006577776643955493,0.0
1943.0,1.184697102570512,0.5763319965955331,0.14444633329403284,0.17829156902567306,0.5978781535158346,3.4101942006445896,2.31,0.0,1.0,0.0,1.0,2.866611988899788e-5,1.240898741679556,0.6036729960876198,0.15130651743418636,0.014675967415359432,0.007139571443293594,0.12345679012345678
1943.25,1.2014006541484306,0.5820494967142722,0.0,0.17680371931564592,0.6655210123418216,10.243908617343678,2.01,0.0,1.0,0.0,1.0,0.00024265160320335652,1.2582883259214352,0.6096101948131041,0.0,0.0149699290816116,0.0072525677905314985,0.0
1943.5,1.221880427560643,0.584359392077093,0.0,0.20390621205498083,0.7073424249938012,-2.1427429437633094,1.96,0.0,1.0,0.0,1.0,0.0020353094195712266,1.279583937070543,0.6119558630388527,0.0,0.015316491420738753,0.007325050318749537,0.0
1943.75,1.2476902644647188,0.6020685271048757,0.0,0.19770026749260874,0.761966584098305,1.658329984380913,1.52,0.0,1.0,0.0,1.0,0.023125656259514134,1.3064100703765509,0.6304035619000602,0.0,0.015738391120160455,0.007594505007042477,0.0
1944.0,1.2597353858370153,0.6162795736551526,0.0,0.18117758209502843,0.8025984325871697,1.6401727106611474,1.31,0.0,1.0,0.0,1.0,0.03593789181681235,1.3187683300264175,0.6451592876694417,0.0,0.015990503548243336,0.007822770416737027,0.0
1944.25,1.2603981928458596,0.6142568785422996,-0.19643223897421577,0.18172224470524756,0.8475509080902588,3.955270506227926,1.39,0.0,1.0,0.0,1.0,0.03959781736365722,1.31915965190155,0.6428943604293859,-0.20563732563823722,0.016100030502313664,0.007846373104088103,-0.1559346908824069
1944.5,1.2653191638706778,0.607531603664036,0.0,0.1765137747704205,0.8958923512747876,3.9696139801128183,1.27,0.0,1.0,0.0,1.0,0.09622270872950213,1.32395587659831,0.6356854933182725,0.0,0.016266513856241255,0.0078102201652227145,0.0
1944.75,1.2676257792094,0.6082092701112329,0.10785647257155787,0.17507083604777415,0.9369796563996661,0.18490225899103763,0.94,0.0,1.0,0.0,1.0,0.8617032690992331,1.3259654715495552,0.6362007659285948,0.11285469687620495,0.01640338922359245,0.007870377481005435,0.08524100355903158
1945.0,1.282426175186529,0.6030035304737379,0.0,0.1843575072266621,0.9796881650380023,0.20618200173068146,1.02,0.0,1.0,1.0,1.0,0.9978230988521488,1.3409841847823267,0.6305378144793221,0.0,0.016704297965799145,0.007854448733469651,0.0
1945.25,1.2756821544997352,0.5957829229038876,0.0,0.18381941413463154,0.9998299608910048,3.522266722722023,1.11,0.0,1.0,1.0,1.0,0.9992314740315312,1.333420279994886,0.6227484088199168,0.0,0.016726195065998165,0.00781164912461197,0.0
1945.5,1.1845847984852582,0.49772490882770687,-0.21949978873273823,0.1764981479848311,1.0119464495551451,6.104790304916463,2.07,0.0,1.0,1.0,1.0,0.9991119228457858,1.2376738770411653,0.5200312534792456,-0.22943447842272602,0.015635193922159802,0.006569411898043489,-0.1720664764143025
1945.75,1.081850085591568,0.3538024899203405,0.0,0.18333648303883587,1.075052914719111,4.963066652556236,3.53,0.0,1.0,1.0,1.0,0.9998954626713217,1.1298087579115164,0.36948663868185144,0.0,0.014375650749563793,0.004701336254588102,0.0
1946.0,1.0563682635223355,0.2353429877024896,0.0,0.16534159766654122,1.152388736653123,7.4924083901411365,4.0,0.0,1.0,0.0,0.0,0.999988930938997,1.1026371182906782,0.24565099381623454,0.0,0.014132010704626536,0.00314839979230411,0.0
1946.25,1.0640432102824313,0.19881144455470173,0.0,0.17054023091783096,1.1380316146029357,11.806051362454895,4.03,0.0,1.0,0.0,0.0,0.999972077675379,1.1100375358071846,0.20740526688309027,0.0,0.014331147645514734,0.002677707200232243,0.0
1946.5,1.0140243120733843,0.17736067704762973,0.017687238511804832,0.17671470011091206,1.070309088458601,36.23681754964441,3.73,0.0,1.0,0.0,0.0,0.9995735272405887,1.057227866622982,0.1849173121248628,0.018451786979277286,0.013739818671589615,0.0024032003109689163,0.016622489779415068
1946.75,0.9734685796094915,0.17371267876946697,0.0,0.18100762023735165,0.9965536217046328,22.244334703873037,4.03,0.0,1.0,0.0,0.0,0.9868232152785132,1.0142979101564706,0.18099855581803587,0.0,0.013250206445716284,0.002364461374662114,0.0
1947.0,0.9894558632100925,0.1632206148577628,0.0,0.17853469908264427,0.9523643556110764,-5.388968905282354,3.77,0.0,1.0,0.0,0.0,0.9536955559442604,1.0302530657284947,0.16995052038172084,0.0,0.013529336314892735,0.0022317989857273367,0.0
1947.25,0.9791258655329758,0.1602245925763189,0.03174864827657231,0.17257481625857798,0.9227035254432515,5.657713538929343,4.06,0.0,1.0,0.0,0.0,0.9573406559074515,1.0187549394298705,0.1667095118730331,0.03305770720641951,0.013449587850142233,0.002200896544016252,0.032086881401949895
1947.5,0.9689998363498178,0.1541975616969083,0.0,0.1663268162008716,0.8980480773135175,6.59885792743804,4.05,0.0,1.0,0.0,0.0,0.6804095765071018,1.0074398043887278,0.16031453831646592,0.0,0.013373771735496823,0.002128176822065185,0.0
1947.75,0.9750884228701925,0.149839252869072,0.0,0.16826738378793699,0.8756099316300827,9.728684484421635,3.71,0.0,1.0,0.0,0.0,0.3032869329980333,1.012938772663517,0.15565561577611042,0.0,0.013525706914273494,0.0020784595232863114,0.0
1948.0,0.9801883222841468,0.15171871053168476,0.0067427663791082395,0.16530167555789316,0.8354548597771801,3.0913678535016587,3.7,0.0,1.0,0.0,0.0,0.5555448054526937,1.0173546018996074,0.15747150302096632,0.007004502709924968,0.013665345007890458,0.00211519406672416,0.006915097963887821
1948.25,0.9868641013113446,0.15586108714202346,0.012888725409245065,0.155734701355808,0.8126080096175521,3.5124500142652337,3.7,0.0,1.0,0.0,0.0,0.6821673736008325,1.023346305471327,0.1616229301294787,0.013377433509062672,0.013828408457495375,0.00218399957275293,0.013148996919377865
1948.5,0.9831255578797523,0.15757922735522922,0.0,0.14883720930232558,0.7885448882374497,7.341271984855169,3.8,0.0,1.0,0.0,0.0,0.7032125032196206,1.018487767076276,0.16324722119192667,0.0,0.013845978673433755,0.0022192878659793086,0.0
1948.75,0.9749631867926571,0.16258215155310404,0.0,0.1471583823267415,0.7669184257602862,1.2202217481284805,3.8,0.0,1.0,1.0,0.0,0.7433904074195874,1.009008348003524,0.1682594280232485,0.0,0.013800203724719263,0.002301283621607318,0.0
1949.0,0.9526765346396985,0.16883037988027977,0.0,0.14489595816537748,0.7624767504008553,-2.094093345333725,4.7,0.0,1.0,1.0,0.0,0.8883315838159637,0.991358024691358,0.17568539354158175,0.0,0.01355296403829855,0.0024018142400821204,0.0
1949.25,0.9406397459783749,0.1751872015996082,0.0,0.13949722109757443,0.7782256600210626,-4.044583111844968,5.9,0.0,1.0,1.0,0.0,0.7486022966869196,0.976953125,0.18195030009573607,0.0,0.01344968665685277,0.0025049047500697425,0.0
1949.5,0.9421114698392057,0.17445228464592336,0.0,0.13686598843592182,0.7931546983694652,-2.0673406916453807,6.7,1.0,1.0,1.0,0.0,0.513496367403022,0.9767262192177691,0.1808619530395871,0.0,0.01353542161218996,0.002506375624845494,0.0
1949.75,0.9249702281119524,0.17100296780893356,-0.006895347219206456,0.13357933579335796,0.7941667276586402,0.26640027624722507,7.0,1.0,1.0,1.0,0.0,0.1790135857774357,0.9568973747016707,0.1769054678619968,-0.007148693796031109,0.013345478537625268,0.0024672323145174084,-0.007319036814755178
1950.0,0.9528624268874866,0.16670960478101135,0.0,0.14722093808897266,0.8057542435424354,-0.8293841833991067,6.4,0.0,1.0,0.0,0.0,0.050649764625516284,0.9837659273242095,0.17211637725810916,0.0,0.013806539687476527,0.0024155457385500846,0.0
1950.25,0.972500461887908,0.16691003831618148,0.026090730829548523,0.15649721400564076,0.7787774261228264,1.4207503467005722,5.6,0.0,1.0,0.0,0.0,0.0251744948925877,1.0016791044776119,0.17191796226431735,0.02693691270096424,0.014151555409210648,0.0024288283123274925,0.027381672060026317
1950.5,1.0005724221712207,0.16216263637129177,0.600073364206873,0.16790379566302552,0.7512664236087225,8.593680917829438,4.6,0.0,1.0,0.0,0.0,0.019354938567906058,1.0278341013824885,0.16658093301314256,0.6180778042127962,0.014626700745795168,0.00237054740046213,0.6170461580793837
1950.75,1.0103474619319794,0.17000929688743166,0.40216333820080363,0.1763861138861139,0.7037933940552981,7.392231011839812,4.2,0.0,1.0,0.0,0.0,0.005571963650965837,1.0347746927628585,0.1741196217953833,0.4131207138725936,0.01484523964999347,0.002497980991801339,0.4019318660659298
1951.0,1.0146144993232968,0.1879223971990929,0.01293206154431298,0.1917588298251873,0.6730725524475525,14.112877065444973,3.5,0.0,1.0,0.0,0.0,0.026486520671003325,1.0357303370786517,0.19183337900794736,0.013244720767366816,0.01498454891110869,0.002775371684714446,0.012799700299700298
1951.25,1.022597462981274,0.20781246516933202,0.0,0.17883582522862534,0.6371149958377929,2.622243753287812,3.1,0.0,0.0,0.0,0.0,0.05842594189243052,1.040150842945874,0.21137966662890018,0.0,0.015180308656563727,0.003084945423935232,0.0
1951.5,1.0339307126421882,0.23014413964941818,0.0,0.1731244847485573,0.6205341849325011,0.24495628976328732,3.2,0.0,0.0,0.0,0.0,0.22324831381421403,1.0476357267950964,0.23319475866337883,0.0,0.015427374640975695,0.0034340017376244913,0.0
1951.75,1.0265570976100367,0.24068018517270942,0.0,0.18117059763861232,0.6076811553003384,4.54519601330281,3.4,0.0,0.0,0.0,0.0,0.32345654354120346,1.036343993085566,0.24297475974708072,0.0,0.01539516646597505,0.003609454870481171,0.0
1952.0,1.0277568565186121,0.24338281623155358,-0.0014394747917028075,0.1796224319822321,0.6006685924222452,-0.16144221933123148,3.1,0.0,0.0,0.0,0.0,0.17654587872752595,1.0343576611182246,0.24494595093861818,-0.0014531983238461766,0.015483446416478195,0.003666630652874244,-0.0014022492077291977
1952.25,1.0202769809380248,0.2518161239141968,-0.013124981883530439,0.17929775047729724,0.5963353692393115,0.5110103233246122,3.0,0.0,0.0,0.0,0.0,0.16904757188471006,1.0233881163084704,0.2525839879987493,-0.013209277541824663,0.015454175204592024,0.00381426864569009,-0.012770682953914491
1952.5,1.018093097186457,0.25224893483788224,0.002258440573221496,0.17740226575022414,0.5962098447746327,4.437065209463853,3.2,0.0,0.0,0.0,0.0,0.25886244533165087,1.018783840066639,0.2524200774929638,0.0022653272466255543,0.015501169194111571,0.0038406639125265754,0.002213552475028361
1952.75,1.041716490160925,0.2560171143072503,0.0,0.17940513035723654,0.5875030563177484,1.141379055073699,2.8,0.0,0.0,0.0,0.0,0.3284679198983294,1.0400988060930425,0.25561954470858134,0.0,0.015938929371313207,0.003917225791597389,0.0
1953.0,1.0512121782771542,0.2597720566834135,-0.020492298370377558,0.1804468698517298,0.5697002045847978,0.1325073719343095,2.7,0.0,0.0,0.0,0.0,0.5965657501144214,1.0482281059063137,0.2590346426455208,-0.020460475830462753,0.01616822899650675,0.003995438966693182,-0.01967161517074962
1953.25,1.0495555323535055,0.26274549253518853,-0.011906219264656456,0.17972314987126214,0.5621911037891268,0.7676783402623677,2.6,0.0,0.0,0.0,0.0,0.6635343512043893,1.0461879790238,0.26190246000286704,-0.011872421121253036,0.01623453853472883,0.004064150673212901,-0.011326194398682043
1953.5,1.0339289379827061,0.25578753524932796,-0.0313047073590805,0.17744076797385622,0.5605348356999006,1.6626553810602296,2.7,0.0,0.0,1.0,0.0,0.7196675648288022,1.0307354116706635,0.254997476867071,-0.03120426458282632,0.016072919912745405,0.0039763395894135975,-0.02982639508501797
1953.75,1.0087754487616902,0.2531515567128511,-0.0026397062461230953,0.16635190024060229,0.5655029616013072,0.8156019532427727,3.7,0.0,0.0,1.0,0.0,0.8634000774611005,1.006259904912837,0.2525202825852954,-0.0026315529088449022,0.015753824014688188,0.003953412108110047,-0.0025531045751633987
1954.0,0.99474727792208,0.24512688630270305,0.0,0.15961857379767827,0.5770850904198899,1.23339444944639,5.3,0.0,0.0,1.0,0.0,0.8589088847567998,0.9933202357563851,0.24477523276168492,0.0,0.015613708935266106,0.0038475499655886212,0.0
1954.25,0.9865472949767445,0.2367409824367225,0.0,0.15954695904013239,0.5817267827529021,0.39283729873664797,5.8,0.0,0.0,1.0,0.0,0.7177235887028589,0.9870124804992199,0.23685261264255947,0.0,0.015567024260617094,0.0037356066311667884,0.0
1954.5,0.9884582037126081,0.23071451034360171,-0.01275544086404755,0.15909497178171048,0.583494000827472,0.49704071010783224,6.0,0.0,0.0,0.0,0.0,0.49975906469876225,0.9904798761609908,0.23118638580303125,-0.012761455422551696,0.015673474386845892,0.003658321570868874,-0.012929251137774099
1954.75,0.9983646914148978,0.2284285523857883,0.0,0.16086326622370986,0.5781802395362498,1.1226062258715253,5.3,0.0,0.0,0.0,0.0,0.22670882859355165,1.0024202842873609,0.2293564830476889,0.0,0.01590057342734048,0.0036380943770795682,0.0
1955.0,1.0173304003933161,0.22669551216781023,0.01221943129574632,0.16507153905645786,0.566381325873008,1.9245810860534007,4.7,0.0,0.0,0.0,0.0,0.1564712113183404,1.0235697940503434,0.22808585943370288,0.01226906950800956,0.016284700100118323,0.0036287802156194835,0.01223959634310836
1955.25,1.0242946543648659,0.22511742503805304,0.0,0.16649298976885182,0.547660479505027,1.6570675520505063,4.4,0.0,0.0,0.0,0.0,0.18660817827203116,1.0323618470855414,0.22689041647642996,0.0,0.016483350456276063,0.0036226777079272857,0.0
1955.5,1.0284039814611217,0.2252868680609412,0.0,0.1670843776106934,0.535029604016673,2.806487004542735,4.1,0.0,0.0,0.0,0.0,0.20722152832707666,1.0383546205860255,0.2274667004653911,0.0,0.016631267336145224,0.0036433212993993414,0.0
1955.75,1.025017987945128,0.21915434494089356,0.0,0.16834939924162823,0.5217787524366472,3.9064555851226146,4.2,0.0,0.0,0.0,0.0,0.38250880002951226,1.0364517331345509,0.22159894100328306,0.0,0.016649901805815014,0.003559838331128805,0.0
1956.0,1.0115709843462128,0.21862599239329947,0.002107253316739361,0.16844877295738836,0.5106754534240944,4.019626178719982,4.0,0.0,0.0,0.0,0.0,0.508233962402102,1.0244082840236686,0.22140045649425216,0.002130759048108491,0.016513159855733404,0.003568910157444084,0.0020558271277810775
1956.25,1.010479989753735,0.22300299809767596,0.0013778949100418034,0.16921079726039662,0.5044382392335808,2.382526872066748,4.2,0.0,0.0,0.0,0.0,0.610524515612708,1.0245414526779164,0.2261062247043661,0.0013953810283251185,0.01658107682900041,0.003659280621139415,0.0013621194578764557
1956.5,1.0002946471009522,0.21820901435953424,0.006785081078022595,0.1668178499524326,0.49440015220018807,4.9699340979204365,4.1,0.0,0.0,0.0,0.0,0.7531493584395901,1.0155021834061135,0.22152645839225352,0.006879499737455359,0.016493492677045286,0.003597968649372393,0.006714714176999866
1956.75,1.0072283782564813,0.22206733871352427,0.0011065365839732974,0.16952826916406522,0.48634062700502223,1.6512145687143764,4.1,0.0,0.0,0.0,0.0,0.7228899574323387,1.0235294117647058,0.22566128742227443,0.0011233593224759307,0.016678329697212044,0.003677132584824275,0.0011062191641407996
1957.0,1.0043484823588977,0.22560068612369946,0.0,0.1708602516150969,0.47524800554977453,5.398720079059505,3.9,0.0,0.0,0.0,0.0,0.7745100340822798,1.0216535433070866,0.22948781662859602,0.0,0.016712333579232092,0.0037539897639389313,0.0
1957.25,0.9928639429199096,0.22300239336094477,0.005122437527879646,0.16898250957003577,0.46604046242774566,2.8048231952977787,4.1,0.0,0.0,0.0,0.0,0.937678230050183,1.0110756123535676,0.2270928288126144,0.005210697823165851,0.01660719283515253,0.0037300616823230637,0.0051003060183611015
1957.5,0.993255230917422,0.22292735588332405,0.0,0.16635436185717262,0.46582217710382173,2.4022653430166407,4.2,0.0,0.0,1.0,0.0,0.9164753171051918,1.0119282195636876,0.22711834310974563,0.0,0.016695112039939626,0.0037470703071978235,0.0
1957.75,0.9739866453236391,0.22605999080332015,0.0213001091428408,0.16209056889374762,0.4619571101394961,0.23943494070604032,4.9,0.0,0.0,1.0,0.0,0.8918086426391032,0.9931612002791347,0.23051035954062127,0.02170054669786995,0.016447379825610623,0.0038173978564981165,0.02144493025192588
1958.0,0.9400123811635446,0.22117254391181085,0.0014333513909630805,0.15714407720556836,0.4708457721902199,4.309180740180629,6.3,0.0,0.0,1.0,0.0,0.801223584025405,0.9594117647058823,0.22573696358793133,0.0014615693086814751,0.01595881225502328,0.003754898525789086,0.0014716394062986166
1958.25,0.9374546539187076,0.2260463189180249,0.0,0.15546342907906427,0.48317533521222994,1.1350208608845058,7.4,1.0,0.0,1.0,0.0,0.6248617925646847,0.9577556623198353,0.23094145512564432,0.0,0.016002499942661865,0.003858646592028437,0.0
1958.5,0.9503112514788814,0.2255379595190827,0.0,0.15760489869724242,0.4837482550023267,2.424749207676413,7.3,1.0,0.0,0.0,0.0,0.47379546813134504,0.9722505958461015,0.23074483774352647,0.0,0.016303541045756112,0.0038693295219573228,0.0
1958.75,0.9635844034056343,0.22800103030823288,0.0,0.16067467375447153,0.47469259852874696,1.8732107054938218,6.4,0.0,0.0,0.0,0.0,0.38608784704475224,0.9869300911854104,0.23352503095439375,0.0,0.01660803491762192,0.003929753386656739,0.0
1959.0,0.9724552682337814,0.22377495431084005,0.0028885265664049774,0.16554153213971234,0.4657495153780052,1.0731372352964286,5.8,0.0,0.0,0.0,0.0,0.14719829181164037,0.9971859296482412,0.229465810033334,0.002958509682699245,0.01684750309884027,0.0038768356338302907,0.002997661823777454
1959.25,0.9869453894533766,0.22402977215455655,0.0,0.16843109203624224,0.45925056256726343,0.5820214628709408,5.1,0.0,0.0,0.0,0.0,0.08157247408971262,1.0129568106312292,0.22993418472100868,0.0,0.017190345441936775,0.003902089430447807,0.0
1959.5,0.9759813212999401,0.22281991306855967,0.0,0.16470543432727827,0.449711397234144,1.4861273335453618,5.3,0.0,0.0,0.0,0.0,0.21808310377671053,1.002668863261944,0.22891277125161064,0.0,0.017086276403409283,0.0039008560305254197,0.0
1959.75,0.9708299768501968,0.21825610420960276,0.0,0.16454763569040104,0.45012871777295405,1.5729837527330481,5.6,0.0,0.0,0.0,0.0,0.4029590142138693,0.9980725253185233,0.2243806086431486,0.0,0.017076183555977866,0.0038389639654389236,0.0
1960.0,0.9833626203188182,0.2124748998846763,0.0,0.17521257407884566,0.44718814350216307,1.6358056377859143,5.1,0.0,0.0,0.0,0.0,0.714722889017047,1.0110715441890579,0.21846195969719237,0.0,0.017390723314215713,0.0037576089621060593,0.0
1960.25,0.9706323882304935,0.21265400368160073,0.005248528191359125,0.1730237700386954,0.43582287333897746,1.05625778943379,5.2,0.0,0.0,1.0,0.0,0.8398727072406028,0.9978511866581142,0.21861731845578433,0.005396419788090782,0.017263516512784093,0.0037822309955673804,0.0053373578238303816
1960.5,0.9641501577860433,0.21701029469726765,0.0,0.17086973243228396,0.4362808181315644,1.442102909699372,5.5,0.0,0.0,1.0,0.0,0.6869381793878336,0.990504922197523,0.2229422080464759,0.0,0.017237263126481755,0.0038797520496618013,0.0
1960.75,0.9437449827272586,0.21785051886331924,0.0,0.16966067864271456,0.43378642199146566,1.2319635586898414,6.3,0.0,0.0,1.0,0.0,0.5611046202664726,0.9686576548255266,0.22360126577292996,0.0,0.016949870454207903,0.003912643924680208,0.0
1961.0,0.9414848773062177,0.21866813245116976,0.013430336230965236,0.1681503461918892,0.4386027944111776,0.8646684065593213,6.8,1.0,0.0,1.0,0.0,0.5819278839500486,0.9652457996266335,0.22418681536829616,0.013784865864303927,0.01699741392535449,0.0039477986839165,0.014230797663931396
1961.25,0.9501995482199432,0.21801622988744246,0.05363232586144622,0.16826923076923075,0.4366778400556837,0.9761916363599354,7.0,1.0,0.0,0.0,0.0,0.35462202359579875,0.9728756157635469,0.2232190851864066,0.054985882949164115,0.017246479641960487,0.003957076676593432,0.05696596695607575
1961.5,0.9572246385081049,0.22001192185743776,0.005966042256497644,0.16824765491631613,0.43116012485648675,1.0416672553550832,6.8,1.0,0.0,0.0,0.0,0.27886374755365617,0.9788543570993297,0.22498337345307134,0.006108419062958742,0.0174631993216064,0.00401380395986704,0.006278702640642939
1961.75,0.9677101256898295,0.223281425602907,-0.0016846242102407176,0.1703832333270292,0.42736910649231796,1.3095518583212673,6.2,0.0,0.0,0.0,0.0,0.13254673333207193,0.9881519445281881,0.2279980017045484,-0.0017226904552302552,0.01773896760366718,0.004092942576628677,-0.0017599127083296668
1962.0,0.976178871730541,0.22600946749047282,0.0033275920358108346,0.16902165694988153,0.42210150783143924,2.068466191082674,5.6,0.0,0.0,0.0,0.0,0.14762347617035187,0.9957624589674724,0.2305435505885076,0.00339788378099178,0.017993184073163367,0.004165865568903892,0.0034386121761257158
1962.25,0.97769395602102,0.2256966007492992,0.0,0.1694408948337952,0.4166734992187368,0.6498054813923737,5.5,0.0,0.0,0.0,0.0,0.1915426661654655,0.9957779746087982,0.2298712215475697,0.0,0.01812383122326591,0.004183811380293718,0.0
1962.5,0.9780161794347165,0.2289562981299123,0.0,0.17127108077957873,0.41491893058067936,0.827532515795415,5.6,0.0,0.0,0.0,0.0,0.21660362640726277,0.9946830265848672,0.23285805323911835,0.0,0.018227468615326963,0.004267100919390252,0.0
1962.75,0.9728825359615013,0.2288124176070226,0.0,0.17223382045929017,0.41283105846840346,0.7812284506702127,5.5,0.0,0.0,0.0,0.0,0.22183404163854373,0.9878612716763006,0.2323352691383358,0.0,0.018223113177368792,0.004285897246905813,0.0
1963.0,0.9747926369183002,0.22605319765280266,0.0,0.17456519295315484,0.4125862800104384,1.757755575100628,5.8,0.0,0.0,0.0,0.0,0.3112639407867537,0.9883042607949671,0.2291865263907571,0.0,0.018363584195872563,0.004258492289156859,0.0
1963.25,0.9785236816370085,0.2242489244390536,0.0,0.17551911876424411,0.40790746599431493,0.6654837382392031,5.7,0.0,0.0,0.0,0.0,0.2223530649977314,0.9906904357668365,0.22703718759377242,0.0,0.01854435475327867,0.0042498221411279465,0.0
1963.5,0.9885941247126928,0.23083491180142823,-0.010995630963517128,0.17380653363722343,0.40326506710559634,0.48731870021301305,5.5,0.0,0.0,0.0,0.0,0.20538553764100895,0.9993001119820829,0.23333474015899114,-0.011132348286711216,0.01883641160949868,0.004398267503155231,-0.011237022030893896
1963.75,0.9866390682175151,0.2285556579408969,0.0,0.17362224563653855,0.3960861745507543,3.241026412697945,5.6,0.0,0.0,0.0,0.0,0.14609323134239202,0.9958448753462604,0.2306881898595737,0.0,0.018895692623058527,0.004377200942908523,0.0
1964.0,0.9988441507227458,0.22815017698314663,-0.006930494571708146,0.16732474111599493,0.3910612793378838,1.2715823259962455,5.5,0.0,0.0,0.0,0.0,0.1913056629641521,1.0067708333333334,0.22996074376594874,-0.006995159349729987,0.019243102201636816,0.004395397590136022,-0.0070242948982240745
1964.25,1.001592241675767,0.22819296090982472,0.0,0.15952524347430116,0.3826266855397452,0.9619593617467004,5.2,0.0,0.0,0.0,0.0,0.12652328327516682,1.0082474226804123,0.22970921213028145,0.0,0.0194115527048414,0.004422537938356764,0.0
1964.5,1.0060336916728005,0.22769082687695588,0.0,0.16079444580765292,0.3784790751648868,1.6126417920338199,5.0,0.0,0.0,0.0,0.0,0.15654325761893412,1.011248322147651,0.22887102942335594,0.0,0.01960579185143547,0.004437285744186293,0.0
1964.75,1.0004785104351268,0.22475428321568897,0.0,0.1617914465300746,0.3733206795513922,1.8227220429914759,5.0,0.0,0.0,0.0,0.0,0.0960944774122143,1.0043039319872475,0.22561365187776128,0.0,0.01960288115993134,0.004403724276043194,0.0
1965.0,1.015933381417612,0.2228846464714227,0.003151430357390158,0.16544552115339164,0.3718209412539553,2.0083724200397945,4.9,0.0,0.0,0.0,0.0,0.08922589265094223,1.0182702418506835,0.22339732803204965,0.0031634801410521025,0.02002999198490059,0.0043943606579306405,0.0031499219678421606
1965.25,1.0205354692217483,0.22379670938433152,0.001977430323574092,0.16508500034136683,0.36258970901052456,1.7839421310463344,4.7,0.0,0.0,0.0,0.0,0.05406137605208001,1.021436004162331,0.22399419076784652,0.001981978829181682,0.020250135382552412,0.004440721366263194,0.0019464178959222543
1965.5,1.0319122109611631,0.2305361946873659,0.0195090531219218,0.15889096241002398,0.35760824742268044,1.5838214282492658,4.4,0.0,0.0,0.0,0.0,0.0788053227086661,1.0311969111969113,0.23037639186309483,0.01952626818648724,0.0205941469483013,0.004600872263999688,0.019116542636717415
1965.75,1.046737388532398,0.23491423876579173,0.0,0.1585843821547297,0.3503980271927486,2.7036479630994315,4.1,0.0,0.0,0.0,0.0,0.06835060057796197,1.0442067736185383,0.23434630502939183,0.0,0.021008463635059534,0.004714828472295539,0.0
1966.0,1.062971559395139,0.2371756479903426,0.0,0.1655566843511307,0.34087648268636256,2.5801083428990346,3.9,0.0,0.0,0.0,0.0,0.12642485539012785,1.0584130982367757,0.23615854083491802,0.0,0.02147266539251658,0.004791090865542883,0.0
1966.25,1.057753103863929,0.23929167563696263,0.0013331964473880977,0.1693592348481094,0.3307369780888237,3.2750930878202134,3.8,0.0,0.0,0.0,0.0,0.14895377499992252,1.051096163428002,0.23778569997429672,0.0013274791502805958,0.021505940881727775,0.004865211561128268,0.001254217305690384
1966.5,1.0557577332663814,0.24489750618313594,0.014415161182949556,0.1694646816598036,0.3261526834828287,3.8701924891648254,3.8,0.0,0.0,0.0,0.0,0.2853297082203906,1.046858832224686,0.2428332838675302,0.014324439757487754,0.02159486504479872,0.005009225534603038,0.013628029139204124
1966.75,1.0552777306505536,0.24609899785094133,0.02803973547685065,0.16984476811038712,0.32051899320192,3.3816377499642947,3.7,0.0,0.0,0.0,0.0,0.4283166560236637,1.0439951278928137,0.24346780688463682,0.0278033906949168,0.021711112912377404,0.005063200875726646,0.026558807046611923
1967.0,1.0554398137697447,0.25399310175688816,0.04904284086603247,0.1685499503569571,0.316211431582982,1.659710907693679,3.8,0.0,0.0,0.0,0.0,0.6020422297549436,1.0416425818882464,0.2506727781576447,0.04851849464367698,0.02185529188227684,0.005259507271338035,0.046473744729781524
1967.25,1.046936681699033,0.25193428738629925,0.00748506193782578,0.16884627586449996,0.3151150063826769,2.0192277028210803,3.8,0.0,0.0,0.0,0.0,0.43222871986844275,1.0311338732729871,0.24813150795454122,0.007387213501698764,0.021821453957019493,0.00525110309772779,0.007091863268876176
1967.5,1.0465650871390502,0.25287774492719856,0.004674561972987975,0.16985333994899782,0.32010915670861384,3.8066599620346864,3.8,0.0,0.0,0.0,0.0,0.33504042051359023,1.028527679623086,0.24851943124654746,0.004604002589000277,0.021949907496782498,0.005303676930711038,0.004464967628984689
1967.75,1.0455843115789933,0.2538225976000214,-0.012076301094899643,0.17153726831146185,0.32234286835212256,4.369218709576028,3.9,0.0,0.0,0.0,0.0,0.3480592821666717,1.0256816592868794,0.2489910953978839,-0.011868167681305991,0.0220623693536987,0.005355787990076243,-0.01153894972479605
1968.0,1.0573334881056458,0.25634289477248884,0.0059193702798512465,0.17593344601268743,0.32348758477790734,4.420591613337077,3.7,0.0,0.0,0.0,0.0,0.3948525359259667,1.0354161863038969,0.2510292026851147,0.005806695321779009,0.022461085990956746,0.005445528650540907,0.005661295983876629
1968.25,1.0656271761066523,0.25585213762960474,-0.02703843118243092,0.17622745089662392,0.31773360844656146,4.196734089618648,3.6,0.0,0.0,0.0,0.0,0.25917235428988344,1.0420812414422638,0.25019886803265157,-0.026477955738176427,0.022790066278048388,0.0054717891066391805,-0.025572359900783635
1968.5,1.0637788538998865,0.25535221597436764,0.0,0.18491489294677263,0.3085519443762082,3.921409712860502,3.5,0.0,0.0,0.0,0.0,0.3059135137113333,1.0386856368563686,0.249328775524788,0.0,0.022893479342956696,0.005495409746260634,0.0
1968.75,1.0590479159693917,0.2540330398393374,0.0,0.18647369885889228,0.29997196350004723,5.620521679223955,3.4,0.0,0.0,0.0,0.0,0.32234740268354695,1.0328191370444892,0.24774156204962094,0.0,0.022931713152552134,0.005500613062945584,0.0
1969.0,1.065983458125227,0.2516595256438258,0.0,0.1911755841755239,0.2901878137530795,4.131171835599279,3.4,0.0,0.0,0.0,0.0,0.5758182520449638,1.03842408145197,0.24515325239186642,0.0,0.02323862735774291,0.0054862220355169815,0.0
1969.25,1.0599560811959643,0.24964169056014052,0.0,0.19122387233285215,0.2793793574571538,5.076757059960979,3.4,0.0,0.0,0.0,0.0,0.7501514781005292,1.0314924391847469,0.2429379111892429,0.0,0.023262147054607996,0.005478719184495438,0.0
1969.5,1.0571543238618533,0.24994826291199015,0.0,0.18517441860465117,0.2737533864620617,5.5826036702587345,3.6,0.0,0.0,0.0,0.0,0.7911030684288246,1.0280225743433906,0.24306049825609072,0.0,0.02334422641844234,0.005519391739324086,0.0
1969.75,1.0432679075702909,0.24488915636005326,0.0,0.18496099004573582,0.26891540697674415,5.125352264683336,3.6,0.0,0.0,0.0,0.0,0.7584040278457234,1.0140860215053764,0.2380392116741523,0.0,0.023172901145990996,0.005439439065343149,0.0
1970.0,1.0322327397445021,0.24435529967066583,-0.005012058050758356,0.17692731172997705,0.268783677312733,5.597013911039372,4.2,0.0,0.0,1.0,0.0,0.9044535631359341,1.003218243819267,0.23748684300036194,-0.0048718627031140455,0.02307356718495716,0.005462090289198733,-0.004804181559629502
1970.25,1.0249485884622966,0.24011916582853804,-0.0029393179591499495,0.17512218370074106,0.26880782884370785,5.537403189184875,4.8,0.0,0.0,1.0,0.0,0.7779225502419767,0.9962814282695964,0.23340318546656552,-0.0028566981916643376,0.023045456544794316,0.0053989593858320565,-0.002847542570761433
1970.5,1.0249429647636537,0.24125226191227842,0.0,0.16886398089025678,0.2687630243619815,3.2650376571198514,5.2,0.0,0.0,1.0,0.0,0.7818512479068254,0.9968985750209556,0.23465114097972434,0.0,0.02317239498090562,0.005454345163837798,0.0
1970.75,1.0054999993593228,0.23988772508934564,0.0,0.16757063803276287,0.26871312416739396,5.245179581982384,5.8,0.0,0.0,1.0,0.0,0.6802959365094516,0.9786530866763667,0.23348270787075767,0.0,0.02285393923802405,0.005452391344239626,0.0
1971.0,1.023354705879987,0.2371756326380876,0.0,0.16479170328704518,0.27274214827573573,6.062019357011472,5.9,0.0,0.0,0.0,0.0,0.6350235724572728,0.9967628865979382,0.23101263604953498,0.0,0.023392189216260288,0.0054214411135048105,0.0
1971.25,1.020180560145623,0.2358252351046592,0.0,0.16422712335147538,0.26630321673404816,5.234129809943333,5.9,0.0,0.0,0.0,0.0,0.46700463755640564,0.9946603927986906,0.22992598579565304,0.0,0.023457749129121592,0.005422500113716706,0.0
1971.5,1.0191790782918808,0.23460826931515055,0.0,0.16165244723843739,0.26550100485608563,4.038921118196992,6.0,0.0,0.0,0.0,0.0,0.32397556625586066,0.9949238578680203,0.22902487832263085,0.0,0.02357072419847512,0.005425824497866402,0.0
1971.75,1.0132205457201777,0.23259540521184008,0.0,0.16261865464690556,0.26473265498047127,3.3074440135147043,5.9,0.0,0.0,0.0,0.0,0.17208017828613395,0.9901873866612936,0.227307901926164,0.0,0.023564472277232473,0.005409471808558991,0.0
1972.0,1.0223850077449383,0.23558596001545434,0.0,0.17271983076536526,0.2658441340828928,6.144915748251911,5.8,0.0,0.0,0.0,0.0,0.24137517155313765,1.0000799680127948,0.23044625808450542,0.0,0.023927715568991162,0.005513611604821016,0.0
1972.25,1.0369554277119517,0.23594887701984466,0.0,0.1704576768941273,0.2613084884785904,2.441447382221984,5.7,0.0,0.0,0.0,0.0,0.12524663719063325,1.0153342590755803,0.2310291954951865,0.0,0.024424963732152402,0.005557657166198534,0.0
1972.5,1.0373857733910368,0.22955387221706727,0.0,0.16957405532411524,0.25816322995646046,3.7382699938801167,5.6,0.0,0.0,0.0,0.0,0.10985074611319263,1.016610903365479,0.2249567859821326,0.0,0.02458742497013085,0.005440732613182483,0.0
1972.75,1.0454476678903903,0.23035617376794884,0.0,0.17049293554150838,0.2577264401041868,5.0462842484533255,5.4,0.0,0.0,0.0,0.0,0.15012634661785457,1.0252245216712221,0.22590016250341774,0.0,0.024928317794276816,0.005492758826607417,0.0
1973.0,1.06188916209929,0.23172991780115357,0.0,0.17563681927152366,0.2538045224546178,4.625053977694904,4.9,0.0,0.0,0.0,0.0,0.20259360713239644,1.0417231364956439,0.22732920290331005,0.0,0.025485505873436908,0.005561554248747614,0.0
1973.25,1.064613832682187,0.2289759270853178,0.0,0.1738829869781747,0.24690538788576727,6.048884437872015,4.9,0.0,0.0,0.0,0.0,0.4922884257371264,1.0446342868112881,0.22467874918090633,0.0,0.025718282832579487,0.0055314588950961625,0.0
1973.5,1.0496504300795184,0.22325444130211183,-0.003754934848890092,0.17371816732901357,0.24070173953527743,7.559016604411806,4.8,0.0,0.0,0.0,0.0,0.5618673457740906,1.0298572787821123,0.2190445550315219,-0.003684466205000104,0.025516155344017123,0.005427135398853579,-0.003527038275419365
1973.75,1.050281374810321,0.22275945069317554,0.0036527231888434522,0.1747067374328116,0.23715432103061646,7.877030738572532,4.8,0.0,0.0,1.0,0.0,0.7976794329046345,1.03025273481705,0.21851147586467956,0.003583844159547151,0.025689574897357393,0.005448630938266439,0.0034799312365587655
1974.0,1.0325543396732082,0.22527951276381958,0.0,0.17789999063332126,0.23056617423346065,7.5364866371695705,5.1,0.0,0.0,1.0,0.0,0.9299547087514953,1.0123341431508128,0.220867932815402,0.0,0.025423331080573704,0.005546783756172637,0.0
1974.25,1.0263479639522513,0.22564175548344936,0.0,0.1801555177515757,0.22995182850949378,9.398713196618225,5.2,0.0,0.0,1.0,0.0,0.973161090715916,1.0057962962962963,0.22112348825744466,0.0,0.02543696140876733,0.005592295038358004,0.0
1974.5,1.0076494960160123,0.22448402151014848,0.0,0.18389054834562468,0.2284394777836439,11.432340577956523,5.6,0.0,0.0,1.0,0.0,0.9538146047297575,0.98673637864612,0.2198249999872195,0.0,0.02512859325288371,0.005598144682851585,0.0
1974.75,0.9949856970341728,0.22394448614252777,0.0,0.17728925846677854,0.2309119052340047,11.609562155416508,6.6,1.0,0.0,1.0,0.0,0.9383640657296121,0.9738592983093982,0.2191895027085304,0.0,0.024961443301851186,0.005618148693263997,0.0
1975.0,0.9745051381374473,0.22366004850788748,0.0,0.17153124671972733,0.23421495542815793,8.962109081363234,8.3,1.0,0.0,1.0,0.0,0.8571693251021099,0.9534137993154386,0.21881934559169472,0.0,0.0246083742124474,0.005647902668400239,0.0
1975.25,0.9735879670281324,0.22088012236598065,0.0,0.14778681992707252,0.24371255858181076,5.942373315663829,8.9,1.0,0.0,0.0,0.0,0.7206592239743711,0.9525272370066082,0.21610202651659274,0.0,0.024742516748009723,0.005613391200411986,0.0
1975.5,0.981205535900315,0.22156825131073576,0.0,0.16816333199129424,0.2505277583250827,7.05926955625733,8.5,1.0,0.0,0.0,0.0,0.5517372360795608,0.9600495838498317,0.2167909777129688,0.0,0.025077363578753578,0.0056627764442132725,0.0
1975.75,0.9859049541257405,0.22182014296895017,0.0,0.1679078064388255,0.25451829549366617,6.6133802423207655,8.3,1.0,0.0,0.0,0.0,0.4547635252137774,0.9649455567263786,0.21710445865454053,0.0,0.025347499342599982,0.005702969545443428,0.0
1976.0,0.9995580844919679,0.22073058066636006,0.002233276042979614,0.17106056453822965,0.25892459721946937,4.135491550555681,7.7,1.0,0.0,0.0,0.0,0.2643608733843454,0.9788327526132404,0.21615384359517759,0.0021857987279591297,0.025862862614043323,0.005711248571806185,0.002265198063255656
1976.25,0.9985194184775303,0.21680551217466085,0.0,0.1717842949304785,0.2616606193477665,4.044399918915609,7.6,1.0,0.0,0.0,0.0,0.23324454833595984,0.9783961285862427,0.21243620288454013,0.0,0.026004749851854234,0.005646332966865645,0.0
1976.5,0.9950440169432747,0.21311548550686893,0.0,0.17281233965797227,0.2676047668795571,5.125090936831178,7.7,1.0,0.0,0.0,0.0,0.21082376847925258,0.9756172839506173,0.20895472722578223,0.0,0.02607177550908191,0.0055839731720740944,0.0
1976.75,0.993976838475686,0.21141516882368158,0.0,0.17158127153793773,0.272579542869838,7.0287156250464555,7.8,1.0,0.0,0.0,0.0,0.1826869929064513,0.9749149659863946,0.2073607795920379,0.0,0.02619637340742501,0.005571870985436886,0.0
1977.0,0.9969941636850136,0.21150286839772817,0.0,0.1742992647612356,0.27468454014568416,6.383800822714303,7.5,1.0,0.0,0.0,0.0,0.36695732026717687,0.9781076066790352,0.20749626422047074,0.0,0.02643907687538182,0.005608799730845762,0.0
1977.25,1.0079284232747088,0.21189435428675002,0.0,0.17537557944809845,0.27557637198564655,5.572344451737266,7.1,1.0,0.0,0.0,0.0,0.4081510337852274,0.9889613647767185,0.2079069554592687,0.0,0.026894020367228683,0.005653864846249562,0.0
1977.5,1.0170597852201486,0.21041715480265888,-0.0024462520698077814,0.17334068346832138,0.27470028881392133,4.895156013971391,6.9,1.0,0.0,0.0,0.0,0.14321809586967865,0.997778146244404,0.20642802095608753,-0.0024002188346717696,0.027295406918199056,0.005647083825721276,-0.002427007742154697
1977.75,1.0085499333772514,0.20838629555207788,0.0,0.1747574606219337,0.27426383215307126,8.594277816493179,6.7,1.0,0.0,0.0,0.0,0.13180532114803503,0.9891847468770545,0.20438506631800518,0.0,0.027218742226543947,0.00562392864692677,0.0
1978.0,1.0035135936776916,0.20663492052283006,0.0,0.17612010576261367,0.27500391936257335,5.916729784770158,6.3,0.0,0.0,0.0,0.0,0.12341355560966362,0.9839035516454872,0.20259698869778756,0.0,0.02724864979493126,0.005610808483515632,0.0
1978.25,1.0337271184485854,0.20939432337590286,0.0,0.17863868250761802,0.2748649444021877,7.2507573633806555,6.0,0.0,0.0,0.0,0.0,0.2292892288347863,1.012588766946417,0.20511248658253184,0.0,0.028238111098108757,0.005719981667575984,0.0
1978.5,1.0350256685646957,0.2088292533578312,0.0,0.18150288053492072,0.2633923802513096,6.636018362486151,6.0,0.0,0.0,0.0,0.0,0.37454827368787474,1.012999680204669,0.20438523728809338,0.0,0.028433132567971493,0.005736736802892708,0.0
1978.75,1.0400829565098781,0.20842286226896237,0.0,0.18270451020284834,0.25958642855356295,8.321654963431158,5.9,0.0,0.0,0.0,0.0,0.30672842284031027,1.017157794676806,0.20382887501311733,0.0,0.028729645192036624,0.005757151240117582,0.0
1979.0,1.033380785639268,0.20528709865007744,0.00460927118005345,0.1855019336285458,0.2540716314485426,7.086183807469926,5.9,0.0,0.0,0.0,0.0,0.3149627077811449,1.0102072864321607,0.2006835483577677,0.004507675161126439,0.028712212844397036,0.005703847945076187,0.0044316419233325945
1979.25,1.025948003958648,0.20444658727436255,0.0,0.18525366924765976,0.25293196550675284,9.561568046886304,5.7,0.0,0.0,0.0,0.0,0.6724983107123194,1.002927436935534,0.19985914585741327,0.0,0.028671907691485858,0.00571361672867595,0.0
1979.5,1.024659851185733,0.20405598643526524,0.0,0.1848405301058639,0.252165260603259,8.455064456053973,5.9,0.0,0.0,0.0,0.0,0.8822714736610078,1.0021782790050981,0.19957889154116315,0.0,0.02879329246911882,0.005734043049218812,0.0
1979.75,1.0187154245817118,0.20525564562799384,0.0,0.18456603179369618,0.25171565415048625,7.899139452696513,6.0,0.0,0.0,0.0,0.0,0.9340346877645862,0.9975306748466257,0.20098724114582162,0.0,0.02877526280395002,0.005797777281486731,0.0
1980.0,1.0134617744317926,0.20700444809146726,0.06308384164975236,0.1855527067666484,0.25339026560663264,8.231771445291525,6.3,0.0,0.0,1.0,0.0,0.8752325348605936,0.9943462359036879,0.20310000728983957,0.06177197833107676,0.028788186294407284,0.0058801256897619576,0.06192483328633735
1980.25,0.9846277256664443,0.2063880412074764,0.0,0.18421691738453405,0.25456722843830343,8.68726375481641,7.3,1.0,0.0,1.0,0.0,0.7544277394482437,0.9690162194937093,0.20311570985289426,0.0,0.028126787458530964,0.005895662307392459,0.0
1980.5,0.9749414880837005,0.2017343775595914,0.0,0.18723448890753658,0.26084929784711214,9.101151010052266,7.7,1.0,0.0,1.0,0.0,0.8510787837992416,0.9627300150829562,0.19920758601876468,0.0,0.02800070189291746,0.005793890440237809,0.0
1980.75,0.9847489035708886,0.20178265949378865,0.0,0.1886061318706281,0.2613769689341095,10.901680765858934,7.4,1.0,0.0,0.0,0.0,0.7965514847976995,0.975863104172921,0.1999618905365972,0.0,0.028438821887726756,0.005827334351494995,0.0
1981.0,0.9967692161638934,0.20242297193072942,0.024507349416836088,0.19404300429787533,0.256546964463478,9.867298566197702,7.4,1.0,0.0,0.0,0.0,0.8814678770373502,0.990994623655914,0.2012502730168798,0.024286209398396624,0.02896711586060582,0.0058826151386696494,0.02488692317456924
1981.25,0.9812932638708058,0.20107708476821343,0.0,0.19496470112779582,0.25206106431486247,7.4311781767501195,7.4,1.0,0.0,0.0,0.0,0.8642568598732179,0.9782150282150283,0.20044632261516268,0.0,0.02869283038592212,0.005879456122007604,0.0
1981.5,0.984331564129728,0.19775833608864357,0.0,0.19458975475435575,0.2572998888622271,7.132224368504758,7.4,1.0,0.0,1.0,0.0,0.8254435437064085,0.9835990552111012,0.19761117048896495,0.0,0.028945470658765876,0.005815325164179925,0.0
1981.75,0.9647949684325638,0.19945093880691336,0.0,0.1901916534948668,0.26053532113748845,7.424638062509148,8.2,1.0,0.0,1.0,0.0,0.9237928674988268,0.9658404224112643,0.199667064288859,0.0,0.028529527721095068,0.005897875998394576,0.0
1982.0,0.9408309593395381,0.19754484458888596,0.0,0.1888008503827333,0.2687765605918021,5.560513346776119,8.8,1.0,0.0,1.0,0.0,0.9654781953504761,0.9429153924566769,0.1979825098379868,0.0,0.02799237396946994,0.0058775161580086515,0.0
1982.25,0.9381466221922934,0.19741447329407405,0.0,0.1874960600611779,0.2824222773396216,4.789157877190986,9.4,1.0,0.0,1.0,0.0,0.921234952109698,0.9410523272622144,0.19802592167789482,0.0,0.02808360114746673,0.00590964055892706,0.0
1982.5,0.9270773382413114,0.1967259997324231,0.0,0.1825606605090434,0.2925726524718801,5.720093207684851,9.9,1.0,0.0,1.0,0.0,0.8788287132372905,0.930674318507891,0.19748927967657862,0.0,0.027913061064662018,0.00592315723513941,0.0
1982.75,0.9203540977025946,0.19909920843688397,0.0,0.18111550955610267,0.30597012265747975,4.414260719972729,10.7,1.0,0.0,1.0,0.0,0.6563864233099121,0.9244162870159454,0.1999779774659216,0.0,0.027868578050560113,0.006028779405642446,0.0
1983.0,0.924767697488414,0.19896572890908978,0.0,0.17937954159519354,0.3184466674687552,3.21853904627476,10.4,1.0,0.0,0.0,0.0,0.27880607290780834,0.9297809187279151,0.20004433407751088,0.0,0.028175903439000467,0.006062105305622543,0.0
1983.25,0.9381215928728247,0.19920329155555025,0.0,0.18134230697326603,0.32677935712992734,2.697519924531777,10.1,1.0,0.0,0.0,0.0,0.1734829488106664,0.9441902890822341,0.2004919350209064,0.0,0.028760793365820297,0.00610714511823108,0.0
1983.5,0.9486617715166101,0.20063874667075546,0.0,0.17444600326087545,0.3297433192980694,4.16857201687848,9.4,1.0,0.0,0.0,0.0,0.07859669545297716,0.9556979660072443,0.20212687793768278,0.0,0.02925335709990917,0.006186985794794467,0.0
1983.75,0.960323016370274,0.19537130446928389,0.0,0.17407155689726933,0.33143603104873437,2.932206166501672,8.5,1.0,0.0,0.0,0.0,0.055219665094839186,0.9682616512238971,0.1969863667146104,0.0,0.029784364856874246,0.0060594301247414535,0.0
1984.0,0.9714215205659457,0.19717599479715456,0.0,0.17741951972520675,0.33310994852666126,4.234319227012762,7.9,1.0,0.0,0.0,0.0,0.06774086369683592,0.9799094277480445,0.19889884271326952,0.0,0.030317285769480617,0.006153704498603548,0.0
1984.25,0.9804352830403048,0.20004429913704333,0.0,0.17614079308189104,0.3340353101135771,3.3511322463729787,7.4,1.0,0.0,0.0,0.0,0.11117356705530564,0.9892443839346494,0.2018416746955525,0.0,0.030788526972800503,0.006281974349838486,0.0
1984.5,0.9820400763361333,0.200067010721354,0.0,0.17470977528227336,0.3359658976281268,3.2299521224817607,7.4,1.0,0.0,0.0,0.0,0.16264288610876348,0.9908845374746793,0.20186885663789927,0.0,0.031018549832594947,0.006319282370910599,0.0
1984.75,0.9818432021894732,0.20232925313344194,0.0,0.17581251808274664,0.341929856753153,2.6766005548097382,7.3,1.0,0.0,0.0,0.0,0.1938069853838758,0.9904914959153609,0.2041114142835477,0.0,0.031187012439384355,0.006426733841261862,0.0
1985.0,0.983575299836073,0.2030060812300289,0.0,0.18458815199433562,0.3492696981386826,4.574396280318105,7.2,1.0,0.0,0.0,0.0,0.2885351231057807,0.9919654714475432,0.20473777971816282,0.0,0.03143715725102167,0.0064885058618346135,0.0
1985.25,0.9845591440151711,0.20561916899168353,0.0,0.1733507505357649,0.3557469907953741,2.4675163267038336,7.3,1.0,0.0,0.0,0.0,0.36542776961599743,0.9926125888859626,0.20730108180709786,0.0,0.03166107333218526,0.0066122219548939275,0.0
1985.5,0.9918143444608842,0.20867501144986428,0.0,0.1783349338042207,0.36464462863704195,2.313054025418637,7.2,1.0,0.0,0.0,0.0,0.4186495155560752,0.9995038516777647,0.21029286262885538,0.0,0.032072934167361455,0.0067480571762075885,0.0
1985.75,0.9912064261987145,0.20836453924242704,0.0,0.17769643619051895,0.370915272133147,2.306683249165209,7.0,1.0,0.0,0.0,0.0,0.39706846429081255,0.9985240807871569,0.2099028058298456,0.0,0.03222997170903347,0.006775161083956587,0.0
1986.0,0.9923556197853077,0.20746517110555757,0.0,0.17762209581673616,0.37890840088926814,1.9488972363757018,7.0,1.0,0.0,0.0,0.0,0.446397084168259,0.9993709076903325,0.20893181056076174,0.0,0.0324628312863607,0.0067867876324948315,0.0
1986.25,0.9889112643161845,0.2096708415856064,0.0,0.17680930982022705,0.385401421065334,1.596259170830372,7.2,1.0,0.0,0.0,0.0,0.4692597018072057,0.9957723163122374,0.21112553484078916,0.0,0.0325452086151285,0.00690029684779822,0.0
1986.5,0.9908734416537424,0.212989390287259,0.0,0.17741603801153769,0.39206838792673854,1.6104322800952087,7.0,1.0,0.0,0.0,0.0,0.5151214825355505,0.9975498863349331,0.21442449977970854,0.0,0.032793596226822444,0.007049021370499349,0.0
1986.75,0.9880451453065398,0.21049708170280995,-0.019175479850635405,0.18085603046176646,0.3942896106847922,2.223364633174807,6.8,1.0,0.0,0.0,0.0,0.49846051432653815,0.9946755199198196,0.2119096431766673,-0.01930468306173811,0.032882039643161845,0.007005320979715219,-0.019352115419999354
1987.0,0.987018027800946,0.21006422650706186,0.0,0.17906609462358328,0.39743353621189603,2.8936281984356604,6.6,1.0,0.0,0.0,0.0,0.42249677757655474,0.993661446681581,0.21147812636422272,0.0,0.03304661246388433,0.007033216101808103,0.0
1987.25,0.9901443606889897,0.2104954371298172,0.0,0.1902531800467492,0.3990084961910714,2.671678968358293,6.3,0.0,0.0,0.0,0.0,0.41178665221815947,0.9967574898286278,0.21190132657817543,0.0,0.03334887059250582,0.007089658207284558,0.0
1987.5,0.9911798600222707,0.20954190671132766,0.0,0.18547049184676695,0.40001928872314874,2.8937448166304947,6.0,0.0,0.0,0.0,0.0,0.38001062711858935,0.9979204892966361,0.21096691983715227,0.0,0.033570220523181885,0.007096964235117956,0.0
1987.75,0.9995590836364584,0.20975729022345369,0.0,0.1839072678909896,0.40340229894439555,3.2958565736505463,5.8,0.0,0.0,0.0,0.0,0.37403041196519676,1.0063956310679611,0.21119193844704753,0.0,0.03403795083548481,0.007142857734868189,0.0
1988.0,0.9972241597711117,0.20706290955304102,-0.048160592252443825,0.18512698013578072,0.4006126260293391,3.1313374287534668,5.7,0.0,0.0,0.0,0.0,0.3142044729530273,1.004130042143287,0.208496842017475,-0.0484899896624151,0.03415925941096956,0.007092804132860075,-0.04818183266170779
1988.25,1.002419592590198,0.20611689479699674,0.0,0.18267251444021135,0.40302049283379426,3.8475630053751653,5.5,0.0,0.0,0.0,0.0,0.32470678522333923,1.0094982078853048,0.20757239528289598,0.0,0.03454132940887908,0.007102366726015204,0.0
1988.5,1.0002610615104703,0.20354575134577116,0.0,0.1825661153515931,0.4009382296915325,4.684226703607641,5.5,0.0,0.0,0.0,0.0,0.33600976253548315,1.007385016595543,0.2049954236824659,0.0,0.03465271038402883,0.0070515710774878785,0.0
1988.75,1.005545453144144,0.20554071371859658,-0.01109837739162773,0.18264350891324713,0.40062176263574517,3.194445893817388,5.3,0.0,0.0,0.0,0.0,0.4260890994204297,1.0129278908363721,0.20704973701286844,-0.011177421098413383,0.035021026688032274,0.007158549420226269,-0.011095491041523176
1989.0,1.0077140634951274,0.20362525052499844,0.0,0.18686939043563056,0.3986090198476555,4.37314990415294,5.2,0.0,0.0,0.0,0.0,0.46298806541029275,1.015137721755369,0.20512532314263238,0.0,0.03530240241580992,0.007133432782630173,0.0
1989.25,1.0076831804812867,0.20519072367127678,0.0,0.18356741198731447,0.39633515999413826,4.114096553824642,5.2,0.0,0.0,0.0,0.0,0.4869081065561553,1.0152999768357656,0.20674170317188312,0.0,0.0355026446455041,0.007229269564245197,0.0
1989.5,1.007270964614639,0.2053867089241502,0.0,0.1831389597496984,0.39745311764340097,2.886440880474339,5.2,0.0,0.0,0.0,0.0,0.5072527361074182,1.014998276060223,0.20696233963564165,0.0,0.03567173041114482,0.00727361312710679,0.0
1989.75,1.0015332731823403,0.20508796571351287,-0.0895194001802324,0.18353653987295757,0.4003731062363543,2.7736370128667476,5.4,0.0,0.0,0.0,0.0,0.6416728975141647,1.0093750000000001,0.2066937474122125,-0.09020615112403547,0.03564661908521162,0.007299500464443922,-0.08887317014239667
1990.0,1.004627274758615,0.20703555823360448,0.0,0.18080551905833783,0.4070874461908967,4.392124334181591,5.3,0.0,0.0,0.0,0.0,0.7988273469992022,1.0126881720430108,0.20869676374839569,0.0,0.03595624374580542,0.007409933199041429,0.0
1990.25,1.000681181150735,0.2057763492325142,0.0,0.18098191854558357,0.4093799547094991,4.1039638943582535,5.3,0.0,0.0,0.0,0.0,0.8717239437887488,1.008839716949343,0.2074540401328165,0.0,0.03598826796167855,0.007400493319800079,0.0
1990.5,0.9931816392897479,0.20432071849023467,0.0,0.18192372438613805,0.4146730425147666,3.5560046820066527,5.7,0.0,0.0,1.0,0.0,0.8702914057650523,1.0015496098104792,0.20604220596187545,0.0,0.03587232122535847,0.007379776424299627,0.0
1990.75,0.9771190860183796,0.2060862490262638,0.018465295503672447,0.18381766987196516,0.42246573070512233,3.0162831443259153,6.1,0.0,0.0,1.0,0.0,0.8567917749786204,0.9856589576186787,0.20788741137224062,0.018620873337896027,0.03543922050743406,0.007474560805635877,0.01859207722097372
1991.0,0.9650407836841751,0.2051579247463563,0.0,0.1815239023262343,0.43335297906816134,3.967130326978774,6.6,1.0,0.0,1.0,0.0,0.8878860684473705,0.9738137082601055,0.20702295991417902,0.0,0.035162533910808626,0.0074751996059948195,0.0
1991.25,0.9650581212475241,0.20367276681004973,0.0,0.1792582585270971,0.44410679042420537,2.7316609884967535,6.8,1.0,0.0,0.0,0.0,0.8495428974138374,0.9743075245365321,0.20562482702045343,0.0,0.03532486428568604,0.007455211958586111,0.0
1991.5,0.9622614671912175,0.20153608893975403,0.0,0.17856424952038197,0.4513416291618175,2.926849394867115,6.9,1.0,0.0,0.0,0.0,0.7810813420783952,0.9719900389779125,0.20357364149247464,0.0,0.03537029813757589,0.007407956978769452,0.0
1991.75,0.9590595676573425,0.19954661042930644,-0.01734658750779056,0.17844374125100132,0.4568515829405531,2.1538867984484122,7.1,1.0,0.0,0.0,0.0,0.6202710844546879,0.9692969253923887,0.20167664500137233,-0.01752196346076966,0.03539924461928655,0.007365339457267459,-0.01802688434008899
1992.0,0.9629973823951453,0.20025694152379087,0.0,0.17728156770065243,0.4656166541121688,1.7136538012857638,7.4,1.0,0.0,0.0,0.0,0.46552990260595517,0.9738471391972673,0.20251316688139867,0.0,0.03571274784208569,0.007426526579416895,0.0
1992.25,0.9662070055690858,0.19923198775608122,0.0,0.1764722191416214,0.4701125719148509,2.54258676950585,7.6,1.0,0.0,0.0,0.0,0.5282422992440048,0.9774798643493006,0.20155645244069917,0.0,0.03598866904158977,0.007420867400592446,0.0
1992.5,0.9682006004523718,0.19923848224967433,0.0,0.17506835879676372,0.4719797789360837,1.899217661846131,7.6,1.0,0.0,0.0,0.0,0.516111964930754,0.9799242424242425,0.20165099948197385,0.0,0.03620643405578774,0.007450640875018679,0.0
1992.75,0.9705065669757863,0.19714368561330858,0.0,0.1772895041746796,0.4765577531249193,2.694410007596293,7.4,1.0,0.0,0.0,0.0,0.5105921295817438,0.982402088772846,0.19956008040049017,0.0,0.036439528937785695,0.00740213748289569,0.0
1993.0,0.9649912784104435,0.19326363257539836,0.0,0.17465346417277444,0.4760469546936776,2.2688024300920873,7.1,1.0,0.0,0.0,0.0,0.49440902021678484,0.9768943713071422,0.19564752455822304,0.0,0.036398150758737355,0.007289639805084941,0.0
1993.25,0.9634275382084421,0.1919785109510661,0.0,0.1794259073790991,0.4813712356739999,2.422612820074077,7.1,1.0,0.0,0.0,0.0,0.5071986721695082,0.9751182884180211,0.1943080819132055,0.0,0.036506011105719986,0.0072744128384286556,0.0
1993.5,0.9608617022027711,0.1907476222896066,0.0,0.17860168969857435,0.4828095807050527,2.402509367673078,6.8,1.0,0.0,0.0,0.0,0.4655391485853564,0.9721706296560872,0.1929926394626508,0.0,0.036560447953086196,0.007257879568835618,0.0
1993.75,0.9664128608643786,0.18980973005158525,0.0,0.1829696595695066,0.4848633945473691,2.0808149973975176,6.6,1.0,0.0,0.0,0.0,0.5092571621571123,0.9773716715601903,0.19196211127920879,0.0,0.03692702575539073,0.0072527064509153635,0.0
1994.0,0.9686179393344416,0.18648183040221095,0.0,0.17996796645866817,0.48143145178490687,1.933469008015698,6.6,1.0,0.0,0.0,0.0,0.40939266175789957,0.9790298282615246,0.1884863649314817,0.0,0.037188276090962154,0.007159621470267779,0.0
1994.25,0.9745633578616296,0.18665900826472764,0.0,0.18304391843561893,0.4810776498086535,1.9894166109941436,6.2,0.0,0.0,0.0,0.0,0.4356163507047428,0.984203187250996,0.1885053335745653,0.0,0.037588013100685845,0.007199266411380691,0.0
1994.5,0.9730541999716102,0.18851502602705994,0.0,0.18216068441168068,0.4783229066939575,2.1580640661877704,6.0,0.0,0.0,0.0,0.0,0.45018625414364866,0.9817957329118926,0.19020857024052903,0.0,0.03768949591621608,0.007301788845677393,0.0
1994.75,0.976833901796733,0.18607361943254236,0.0,0.18230089679201247,0.47865457067856315,2.1948890557399015,5.6,0.0,0.0,0.0,0.0,0.5007548257419945,0.9847668495297806,0.18758473846182896,0.0,0.037997769839919864,0.007238060177348189,0.0
1995.0,0.9729674982999185,0.18568810923849957,0.0,0.18400858812770865,0.4762937946807728,2.2898727897936455,5.5,0.0,0.0,0.0,0.0,0.5295975122712909,0.9799766831827456,0.18702579245039452,0.0,0.03802503110038828,0.007256970187702759,0.0
1995.25,0.9692007476234613,0.18550693767331367,0.0,0.18628680831143968,0.47770135050958873,1.7554834088811866,5.7,0.0,0.0,0.0,0.0,0.6034144772497004,0.9755300693909021,0.18671838236266833,0.0,0.0380518631018616,0.007283201766093676,0.0
1995.5,0.9703665964549415,0.18349592963438582,0.0,0.18472669895101806,0.4788229755921809,1.8961002503584456,5.7,0.0,0.0,0.0,0.0,0.48249460051135584,0.976078018931064,0.18457595730704027,0.0,0.03825655515624824,0.007234299056306081,0.0
1995.75,0.9701322830455202,0.1810674844361467,0.0,0.18474450664280165,0.47657580853614856,1.966307230169817,5.6,0.0,0.0,0.0,0.0,0.5047382248993675,0.9752608613166383,0.1820246928318616,0.0,0.038404960684335375,0.007167980843964383,0.0
1996.0,0.9694169091294011,0.18089764828284063,0.0,0.1871873875608755,0.47518764215800663,2.161272044362117,5.5,0.0,0.0,0.0,0.0,0.42918917858740935,0.9740869728915663,0.181769103632908,0.0,0.03856131460297351,0.0071957184372173294,0.0
1996.25,0.9792158201190564,0.1812908423577963,0.0,0.1900137939247189,0.4730804899431913,1.5179886572027401,5.5,0.0,0.0,0.0,0.0,0.3867320508887618,0.983412720650042,0.18206785148787935,0.0,0.039125878803192675,0.007243718269745106,0.0
1996.5,0.9811612026398691,0.1804417642089532,0.0,0.18922569321881008,0.46578436820847674,1.1269082711164113,5.3,0.0,0.0,0.0,0.0,0.323556227228479,0.9848748841519925,0.18112473377802582,0.0,0.03936201736450647,0.007238924487602227,0.0
1996.75,0.9844202891908195,0.1805351891029335,0.0,0.19209257706207805,0.46194417480487904,2.026689017339378,5.3,0.0,0.0,0.0,0.0,0.2735616726256865,0.9875034482758621,0.18110061701473543,0.0,0.039648011341610646,0.007271143538697885,0.0
1997.0,0.9848373151308305,0.17959402718580852,0.0,0.1923923780959522,0.4555113639791726,2.475220248615928,5.2,0.0,0.0,0.0,0.0,0.2635932712160504,0.9870382194654748,0.17999538207644541,0.0,0.039842924418882944,0.007265719059697083,0.0
1997.25,0.9925873581156366,0.1801566598768886,0.0,0.1931952520881154,0.4489710905606932,1.0803587182824481,5.0,0.0,0.0,0.0,0.0,0.3301761608877566,0.9937754455803854,0.18037230021075007,0.0,0.040331339567980795,0.0073202216062090205,0.0
1997.5,0.9981023135624016,0.1791172371009085,0.0,0.19432242565930413,0.43977294120535976,1.425715648560999,4.9,0.0,0.0,0.0,0.0,0.3259803463618879,0.9981157469717362,0.17911964783088294,0.0,0.04071235644173126,0.007306149582684403,0.0
1997.75,0.9987455877295672,0.1786949623943708,0.0,0.19475871925318974,0.43095018949025166,1.3288199788597077,4.7,0.0,0.0,0.0,0.0,0.3029809617877199,0.9973576512455515,0.1784466336299046,0.0,0.04089604074172707,0.00731709511631941,0.0
1998.0,1.0015410774095037,0.17650835331678827,0.0,0.19639472426108723,0.42471225980876876,0.6525702769082264,4.6,0.0,0.0,0.0,0.0,0.23045559950979255,0.9986063332451266,0.17599114351726605,0.0,0.04119241586831467,0.007259617860969393,0.0
1998.25,1.004189466859815,0.1791187944508884,0.0,0.19702691915581494,0.41858319975252395,0.8345019777940998,4.4,0.0,0.0,0.0,0.0,0.28808506073494217,0.9994753869021596,0.17827793687686827,0.0,0.04148159437960866,0.007399134747360878,0.0
1998.5,1.0102529252634767,0.17988330481969944,0.0,0.19765002235835247,0.41300886854606766,1.4917947049810865,4.5,0.0,0.0,0.0,0.0,0.32860381457876575,1.0036051650922957,0.17869961998262865,0.0,0.04189554873813383,0.007459824738725515,0.0
1998.75,1.0197200571425107,0.180889870355592,0.0,0.19655382068243743,0.4044838063209085,1.248981793358117,4.4,0.0,0.0,0.0,0.0,0.2850640369104345,1.0111416544970364,0.1793681329615603,0.0,0.04245227558796692,0.007530681164520821,0.0
1999.0,1.0207826800675206,0.1810950394718042,0.0016401789610916279,0.19717057525285406,0.39537803637049906,1.9943132994978852,4.3,0.0,0.0,0.0,0.0,0.22532218041512375,1.0102775885558584,0.17923135193173587,0.0016263809432529798,0.042679851650940855,0.007571748199006112,0.0016084600710510428
1999.25,1.0221362455280203,0.1822141519969431,0.0,0.1970082536706233,0.38449691176704087,1.3390602732055723,4.3,0.0,0.0,0.0,0.0,0.2797734006953286,1.0100903487292072,0.1800667544461356,0.0,0.042918955378637574,0.007651074984502836,0.0
1999.5,1.0279329324487396,0.18418005140736393,0.0,0.19707010094437144,0.3735899281779981,1.4443606350338256,4.2,0.0,0.0,0.0,0.0,0.2332325103336325,1.0141577361018084,0.18171187834739555,0.0,0.04332296137339056,0.007762398694496754,0.0
1999.75,1.038673483664659,0.1867008043233744,0.0,0.1976818573349923,0.3577172404419971,1.826703106876415,4.1,0.0,0.0,0.0,0.0,0.3672474899279757,1.02310502283105,0.18390238479555854,0.0,0.04393912922560195,0.007898026566293959,0.0
2000.0,1.034649901215551,0.18515571862463198,0.0,0.20378785008902384,0.34363629036726595,3.047445325838005,4.0,0.0,0.0,0.0,0.0,0.39034821687844634,1.0175448707393382,0.1820946887958961,0.0,0.043952530655210674,0.00786552281044608,0.0
2000.25,1.0471184597193048,0.18632076699105246,0.0,0.2001580015527739,0.3399255509409811,2.2606426812686875,3.9,0.0,0.0,0.0,0.0,0.506956617336971,1.0277075002040317,0.18286684558287916,0.0,0.04467247281692889,0.007948870847781961,0.0
2000.5,1.0413734430237553,0.18550211328350918,0.0,0.20046381938463798,0.32939509922769933,2.5840419586701247,4.0,0.0,0.0,0.0,0.0,0.5835812742601959,1.0198754246885617,0.18167262458346456,0.0,0.04460423764491946,0.007945449732717706,0.0
2000.75,1.040330626792782,0.18564038092262222,0.0,0.2000437347990539,0.3236346099630412,2.141496510840646,3.9,0.0,0.0,0.0,0.0,0.7704017524968572,1.0164582331248997,0.1813805041681496,0.0,0.0447320515082025,0.007982149969989409,0.0
2001.0,1.0305203829209746,0.18749840738152557,0.0,0.2011591058326434,0.31752122999825255,2.505665838053983,4.2,0.0,0.0,0.0,0.0,0.7713593964502896,1.0042335186656075,0.1827156342655147,0.0,0.04449735338007151,0.008096087209656046,0.0
2001.25,1.0291882560326742,0.1894804910246826,0.0,0.1972290919960633,0.3159086799706893,2.815173689810302,4.4,0.0,0.0,1.0,0.0,0.8354769946968653,1.0003384227923815,0.18416904237929763,0.0,0.044626041893419656,0.008215954934278577,0.0
2001.5,1.0192390921362342,0.18829093365412616,0.009393728009035372,0.17923841999499976,0.31354556469540973,1.307315443957291,4.8,0.0,0.0,1.0,0.0,0.8086086412998728,0.9881531742317892,0.18254822171255836,0.009130406420417543,0.044367134262923096,0.008196240900076418,0.009127320957400509
2001.75,1.0154402414940404,0.18969358010197793,0.0,0.1876689632745211,0.31619095330026153,1.2080865306829613,5.5,0.0,0.0,1.0,0.0,0.8138844205007915,0.9821660482374768,0.18347765464824978,0.0,0.044371996535538666,0.008289097216311462,0.0
2002.0,1.0181939748339974,0.19249385236345795,0.028115755982300067,0.1724036084862559,0.32118548324547785,1.2801983379785775,5.7,0.0,0.0,0.0,0.0,0.7902574009585513,0.9829283250287466,0.1858267329786471,0.027194452039556005,0.04467840454927158,0.008446640249019834,0.027688250668844595
2002.25,1.017261009150063,0.19355736689627667,0.0,0.1708763115225596,0.32677207724242835,1.4884045784003264,5.8,0.0,0.0,0.0,0.0,0.7910735783570622,0.9803817200212912,0.18654023163544953,0.0,0.04482526040580194,0.008529039544960145,0.0
2002.5,1.0157173634216938,0.19396743322484616,0.008651751956817135,0.16933872728672972,0.33105540928466065,1.778805533777983,5.7,0.0,0.0,0.0,0.0,0.6899449480153521,0.9774273858921161,0.18665535121550694,0.008338095521530715,0.04492909928873877,0.00857992821623432,0.008504948874283139
2002.75,1.0099499231864684,0.19492646934025526,0.0,0.16905023505466596,0.33634974925365024,2.158737628182672,5.9,0.0,0.0,0.0,0.0,0.551527288107312,0.9706498951781971,0.18734132523681732,0.0,0.04484323546503584,0.008655016810550585,0.0
2003.0,1.0088309090331986,0.19565474943574512,0.011260275724102283,0.1683057053505916,0.3431346025684901,2.4582513499336156,5.9,0.0,0.0,0.0,0.0,0.5253976348402581,0.9685744016649325,0.1878473192789465,0.0108221063246316,0.044979531537999544,0.008723423215926555,0.011149336263261226
2003.25,1.0118525562315548,0.1972777559431492,0.0,0.1680466815881238,0.3484722390420083,1.279007542685151,6.1,0.0,0.0,0.0,0.0,0.5228794611924541,0.970706325190051,0.18925560283853354,0.0,0.045297087672893595,0.008831432753551865,0.0
2003.5,1.0224555785700578,0.19623837022813315,0.0036485127852718285,0.15827739145095637,0.35352587582943806,2.210065083955004,6.1,0.0,0.0,0.0,0.0,0.4967351798308212,0.9803093614837621,0.18814930980766711,0.003500148728575883,0.04594205537480546,0.008817589986932352,0.0036057745159687443
2003.75,1.028069839474988,0.19638703454850434,0.006877841767586955,0.16411408183955356,0.35370721779313147,1.891213070907083,5.8,0.0,0.0,0.0,0.0,0.40762619101010633,0.9853386744355427,0.18822431401855966,0.006594333106382024,0.04636355536059439,0.008856597867944812,0.006726789136665646
2004.0,1.027700674106384,0.19743205574596578,0.0,0.1628821813049593,0.3556490854530591,3.474436791201263,5.7,0.0,0.0,0.0,0.0,0.37256800670190693,0.984765144387349,0.1891836911096946,0.0,0.04653799585462456,0.008940436085502303,0.0
2004.25,1.0290009467030934,0.19797145966575264,0.0021431120635878355,0.1644557804979563,0.35830409678673253,3.4670213605975664,5.6,0.0,0.0,0.0,0.0,0.3589701612941593,0.9859866196676499,0.18969585104067732,0.002053576604464576,0.04677883959044369,0.00899987039357152,0.002085345691926042
2004.5,1.032152334783089,0.19877300803401496,0.0,0.16674779143872223,0.35952809983097167,2.454339517319737,5.4,0.0,0.0,0.0,0.0,0.47725109959799633,0.9890446224256293,0.19047127837067213,0.0,0.047088704131173435,0.009068393345778874,0.0
2004.75,1.0349153359669132,0.1978188180522476,0.0,0.166475617328175,0.3601846895724213,2.7948918807605527,5.4,0.0,0.0,0.0,0.0,0.512077028026482,0.9917816010237451,0.18957402336412518,0.0,0.04737573141617113,0.009055630801288395,0.0
2005.0,1.0398064803991343,0.19817994401510794,0.008238331586383792,0.17512519812793972,0.3606706627819968,3.6875993491116645,5.3,0.0,0.0,0.0,0.0,0.5125153523879976,0.9964028268551237,0.18990750698807446,0.007894970155094336,0.0477770398031867,0.009105974286454358,0.007960389103819394
2005.25,1.0391609109439386,0.19781046715209064,0.0,0.1751334002871873,0.3583823239051358,2.8943369022187806,5.1,0.0,0.0,0.0,0.0,0.4628404505205125,0.9956934101447239,0.18953616954478736,0.0,0.04792769943525752,0.00912332297622841,0.0
2005.5,1.0418669887858494,0.19894556978010242,0.0,0.17542717114410078,0.359648330405708,3.7229395325281303,5.0,0.0,0.0,0.0,0.0,0.527711322256464,0.9981004260074027,0.1905882997418016,0.0,0.048210791920227765,0.009205900149784976,0.0
2005.75,1.0418330765004429,0.19785402293284537,0.0,0.177952777088608,0.3585221438372555,3.0232112819077175,5.0,0.0,0.0,0.0,0.0,0.6086870341236484,0.9978063172509545,0.189492922070635,0.0,0.04836223052930152,0.009184448146309079,0.0
2006.0,1.0484038366732686,0.1991129770139712,0.0,0.18200001465319549,0.3583513679937586,3.1327059744730157,4.7,0.0,0.0,0.0,0.0,0.6369264630268525,1.0037330941208944,0.19062910446038392,0.0,0.04883634263766812,0.009275003799982152,0.0
2006.25,1.0456695622258536,0.1993383940289123,0.017490172388735917,0.18251634436871098,0.35380140524144804,3.2056386706881685,4.6,0.0,0.0,0.0,0.0,0.681070864713509,1.000589808655099,0.19074473690755064,0.016744945253309704,0.0488755632233966,0.009317261047047774,0.01668266307174937
2006.5,1.0408118027000695,0.1987104307464927,0.0,0.18418899467521394,0.35302300168262574,2.781388620752978,4.6,0.0,0.0,0.0,0.0,0.6879599642751852,0.9954734474060946,0.1900544911362465,0.0,0.0487939025164483,0.009315668175257877,0.0
2006.75,1.0432331160182065,0.19954788885891725,0.0,0.18387065356405793,0.353197388079554,1.3960302808821157,4.4,0.0,0.0,0.0,0.0,0.6785948007870545,0.997282645524158,0.19075855957251706,0.0,0.049041620847079206,0.009380599365562445,0.0
2007.0,1.0382376891702771,0.19954679519224525,0.0,0.18694228381812472,0.3537392980867186,4.469599237548538,4.5,0.0,0.0,0.0,0.0,0.7514856175309457,0.9922511960110505,0.19070830143713288,0.0,0.048956279774866274,0.009409279624029631,0.0
2007.25,1.0405951828283948,0.20076207406215657,0.0,0.18546933817212616,0.3537556021912041,2.2285559688689673,4.5,0.0,0.0,0.0,0.0,0.8217093971331486,0.9944176383862754,0.19185303839653006,0.0,0.049217558011489526,0.009495545616311616,0.0
2007.5,1.0420786743763117,0.20200478913925385,0.0,0.1827769606312291,0.3581033716466064,1.3845180082848394,4.7,0.0,0.0,0.0,0.0,0.7947761151327712,0.9958336110925938,0.1930402795613662,0.0,0.049420720410755875,0.0095801041237695,0.0
2007.75,1.0403487490944014,0.2029851312102196,0.05287757696089309,0.1818067913848953,0.3658981981060655,1.739248828180491,4.8,0.0,0.0,0.0,0.0,0.8692395050503725,0.9944149641814805,0.1940228718086031,0.0505309912826959,0.04946988770792842,0.009652197550186604,0.05074239842082902
2008.0,1.0279346656200572,0.20489260773196194,0.0,0.18003155051559325,0.3773391477368292,2.280229311063898,5.0,0.0,0.0,1.0,0.0,0.9445823148304937,0.9830648356001584,0.1959489493568245,0.0,0.04902570890460574,0.00977202703570029,0.0
2008.25,1.0277935758265127,0.20700166497543587,0.0,0.17696593942356117,0.39561531004448974,1.940148909513157,5.3,0.0,0.0,1.0,0.0,0.9772600733305882,0.983463687150838,0.1980734511980136,0.0,0.04916801387957888,0.009902631205321087,0.0
2008.5,1.0177495866904414,0.20953722155070867,0.0,0.17323434099805296,0.41440995826644395,2.730193618203599,6.0,0.0,0.0,1.0,0.0,0.983790022907557,0.9745811518324607,0.2006495796227486,0.0,0.04881675523109251,0.010050534424196605,0.0
2008.75,0.9913386233742917,0.20778545246730207,-0.01670318635091221,0.17074878883411237,0.4424546416131619,0.5694979823136106,6.9,1.0,1.0,1.0,0.0,0.9839937337532528,0.9501988136366599,0.1991625119511178,-0.01599471108220215,0.04767137264905275,0.009991961880699252,-0.016411887164907126
2009.0,0.9728521792565582,0.20529848919168248,0.0,0.15445730681017886,0.48398209488227856,0.9885684230169148,8.3,1.0,1.0,1.0,0.0,0.9680891145781959,0.9335021754659394,0.19699455926260062,0.0,0.04691594946458703,0.009900551953775264,0.0
2009.25,0.9668945896577922,0.20810396499403477,0.0,0.1547990206777574,0.524523512730544,-0.6681838482801485,9.3,1.0,1.0,1.0,0.0,0.9689190132260919,0.9292251925690983,0.19999641017167671,0.0,0.04676213060926669,0.010064576734058977,0.0
2009.5,0.9654877917160779,0.20891526174824512,0.0,0.1543915168090566,0.5565518150305462,-0.08806215686031496,9.6,1.0,1.0,0.0,0.0,0.9438203236384165,0.9294334021683015,0.20111370040881194,0.0,0.04680847606357048,0.010128564144219667,0.0
2009.75,0.9703145236571673,0.20796532958027214,0.0,0.1572789033452145,0.5832072807613349,1.1837522761380317,9.9,1.0,1.0,0.0,0.0,0.8344884711196968,0.9357722007722008,0.20056195120336723,0.0,0.047150736188163275,0.010105711243366287,0.0
2010.0,0.9700718281438263,0.20719614151967686,0.0,0.16073793137270928,0.5936887978427183,1.407139788187694,9.8,1.0,1.0,0.0,0.0,0.6793219665192854,0.9374069319640564,0.20021929686216383,0.0,0.047261054157605877,0.010094415466476754,0.0
2010.25,0.9750709189375054,0.20835939774160311,0.0,0.16231166849356288,0.6143228953807086,1.7708103763476128,9.6,1.0,1.0,0.0,0.0,0.702374511086259,0.9441605839416058,0.2017542794279991,0.0,0.04766336108812577,0.010185012205557281,0.0
2010.5,0.977341194811214,0.20735729237211997,0.0,0.16481998507070167,0.625703287875857,1.822164546761701,9.5,1.0,1.0,0.0,0.0,0.6654440364048306,0.9482307102708227,0.20118107542149613,0.0,0.047890254524339496,0.010160621041965688,0.0
2010.75,0.9792610869083563,0.20473605829988414,-0.006347870909316471,0.16513286794098025,0.6377778323827639,2.0454567677420696,9.5,1.0,1.0,0.0,0.0,0.7331173588887143,0.9519531001083286,0.1990267233203904,-0.006158797125308267,0.048089025375579825,0.010054067944191385,-0.006495041719685157
2011.0,0.9713591573934339,0.20103765057194964,0.0,0.16850961065210687,0.6495602147318217,1.7617034760538206,9.0,1.0,1.0,0.0,0.0,0.6715980727965849,0.9458052624888775,0.19574888075342026,0.0,0.04781862642712313,0.009896796913186295,0.0
2011.25,0.9743800755733493,0.20064851469804496,0.0,0.16669016662548783,0.6646541937092721,2.903527324899195,9.1,1.0,1.0,0.0,0.0,0.6993729977612808,0.9503328472706524,0.1956966065438252,0.0,0.04808504768534409,0.00990187878336051,0.0
2011.5,0.9724761495354209,0.19819999957211562,-0.024515444505791656,0.16461047917829488,0.6759903292279552,2.408749117360229,9.0,1.0,1.0,0.0,0.0,0.7177167239701786,0.9499209511161703,0.19360303303552742,-0.023910415209984295,0.04808952576699098,0.009801108223573652,-0.025160047655329337
2011.75,0.9795321166052241,0.19611363147123143,-0.003032145548729797,0.1637979639284651,0.6880901514714091,0.5739462187983435,8.6,1.0,1.0,0.0,0.0,0.7596825547554481,0.9580763166193629,0.1918179327595541,-0.0029618192538172477,0.04853193012051272,0.009716652365853654,-0.003117962930885155
2012.0,0.9822096151326186,0.195016669925334,0.0,0.16678456732544963,0.6994919323674559,2.1076624108594317,8.3,1.0,1.0,0.0,0.0,0.7261821576851369,0.9618190967417285,0.1909681542792051,0.0,0.04877014148476073,0.00968325949737444,0.0
2012.25,0.9830772036590867,0.19266693409704228,0.0,0.16614811286112682,0.7062207726353614,1.822274400745566,8.2,1.0,1.0,0.0,0.0,0.7471561301320989,0.963401479994983,0.1888108164489129,0.0,0.04891673990294601,0.009586875036918616,0.0
2012.5,0.9806275562412932,0.19092899323778417,0.0,0.1656214548091967,0.71048694435347,2.1477735242899225,8.0,1.0,1.0,0.0,0.0,0.7416212698952939,0.9614802775520409,0.1872010022996194,0.0,0.04887960923770208,0.009516900195403431,0.0
2012.75,0.9773313605821183,0.18851160374245998,0.0,0.16970846811999,0.7187158960732611,1.6155676204595264,7.8,1.0,1.0,0.0,0.0,0.772039671710084,0.9584039372040867,0.18486080619353035,0.0,0.04878917424093466,0.00941065216197585,0.0
2013.0,0.9785434786875014,0.18568870020586378,-0.029174771821443228,0.18105632714829134,0.7271165391204465,1.612829437318758,7.7,1.0,1.0,0.0,0.0,0.7504808354851867,0.9593594836146971,0.18204833962157715,-0.028609760525895502,0.04894074437601913,0.009287010141316988,-0.029851460604662348
2013.25,0.9779380033161136,0.18411067530685835,0.0,0.19688045705212998,0.7288418891120473,0.9765904957162702,7.5,1.0,1.0,0.0,0.0,0.8022577046140992,0.9582812982998455,0.18041002227713557,0.0,0.048999010548876676,0.009224757490690839,0.0
2013.5,0.9819136071477756,0.18260098248842355,0.0,0.18451174989044916,0.739732724704994,1.8900531537694498,7.3,1.0,1.0,0.0,0.0,0.7257443601909063,0.9614778325123152,0.17880065575989756,0.0,0.04926191054589279,0.009160962022988942,0.0
2013.75,0.9880114713764084,0.18149662876632255,0.0,0.19154788048336915,0.7426287065704811,1.7176123301022361,6.9,1.0,1.0,0.0,0.0,0.6304954957086691,0.9666073837851098,0.17756472124076733,0.0,0.049618765189578536,0.009114913000868726,0.0
2014.0,0.9826846427754565,0.18065124568231475,0.0,0.18932179170069316,0.7429618744117695,1.5584579868012094,6.7,1.0,1.0,0.0,0.0,0.6264946149812916,0.9605925473427,0.17658995848402487,0.0,0.04941565032666388,0.009084296628977983,0.0
2014.25,0.9907711210608101,0.18050180836590657,0.0,0.18855262136956732,0.7524532936574991,2.2048390427788833,6.2,0.0,1.0,0.0,0.0,0.638208234117355,0.9675976633807959,0.17627999474173187,0.0,0.049885180793193665,0.009088239606934395,0.0
2014.5,0.99833370817651,0.18103494184180713,0.0,0.18795735204650593,0.7473216529492217,1.6099263634957728,6.1,0.0,1.0,0.0,0.0,0.61540975336367,0.9740437655331272,0.1766302740260549,0.0,0.05030554998998196,0.009122262668452676,0.0
2014.75,1.0007156200336433,0.17965432315958488,0.0,0.1870871970413009,0.741525825159827,0.08436071572822113,5.7,0.0,1.0,0.0,0.0,0.659603308554947,0.9753260869565217,0.17509624563087114,0.0,0.05045467750853594,0.009057918909796188,0.0
2015.0,0.9996823717560516,0.1783926008864719,0.0,0.1901778373836425,0.7416894444491751,0.11734184145823501,5.6,0.0,1.0,0.0,0.0,0.6021335801772025,0.9732463000842256,0.17367510289311025,0.0,0.05044576175523174,0.009002009935823025,0.0
2015.25,1.006797001602014,0.17867926784721905,0.0,0.19205401896089644,0.743186545392529,2.102640907338238,5.4,0.0,1.0,0.0,0.0,,0.9789978422440662,0.17374566809181397,0.0,0.05084658176463813,0.00902389457634746,0.0
2015.5,1.0093332890589355,0.17889519514466876,0.0,0.19203041390552464,,1.2926552990284557,5.2,0.0,1.0,0.0,0.0,,0.9801743699988057,0.17372704051030305,0.0,0.05099178303484055,0.009037832275697152,0.0
2015.75,1.0105071739101092,0.17823317676991743,0.0,0.1905336538805611,,0.9332096918355848,5.0,0.0,1.0,0.0,0.0,,0.97986792789577,0.1728290289400313,0.0,0.05105769588453383,0.00900555243050884,0.0
